Stock,MA20,MA50,MA200
AAPL,3.57%,3.46%,18.01%
NVDA,11.25%,6.18%,48.36%
MSFT,0.18%,-4.65%,1.01%
GOOG,0.15%,-5.46%,5.88%
GOOGL,0.18%,-5.56%,5.79%
AMZN,-0.13%,-5.58%,0.79%
META,1.60%,3.14%,15.29%
AVGO,4.35%,0.33%,22.27%
TSLA,-0.79%,-4.32%,2.91%
COST,6.85%,6.74%,22.45%
ASML,0.68%,-7.04%,0.20%
NFLX,7.02%,5.71%,19.15%
AZN,5.33%,8.76%,21.74%
AMD,5.50%,-2.35%,-4.52%
ADBE,4.70%,4.01%,3.97%
PEP,0.83%,3.49%,3.13%
TMUS,5.95%,10.82%,22.06%
LIN,4.13%,5.96%,8.97%
CSCO,6.42%,7.28%,4.39%
PDD,-29.65%,-29.80%,-28.29%
QCOM,3.81%,-7.14%,4.13%
TXN,6.84%,6.35%,18.80%
AMGN,0.16%,1.25%,10.42%
INTU,-1.71%,-1.85%,0.57%
ISRG,3.58%,7.14%,24.32%
AMAT,-0.95%,-10.41%,0.88%
CMCSA,1.51%,3.29%,-1.93%
ARM,5.22%,-12.13%,17.00%
SNY,5.61%,10.10%,14.98%
HON,2.92%,-0.87%,2.36%
REGN,5.72%,10.10%,24.55%
BKNG,8.20%,2.23%,8.03%
VRTX,-0.02%,-0.25%,11.82%
MU,-1.96%,-16.75%,-5.68%
PANW,5.91%,6.03%,13.80%
ADI,6.36%,2.51%,13.40%
LRCX,-1.41%,-13.60%,-7.39%
ADP,4.33%,9.37%,12.53%
KLAC,4.70%,0.96%,18.04%
SBUX,16.21%,23.43%,12.10%
MELI,8.30%,16.94%,24.94%
GILD,2.48%,6.77%,5.30%
MDLZ,1.86%,5.19%,1.42%
INTC,-8.05%,-28.46%,-46.23%
SNPS,-1.72%,-8.24%,-5.97%
CTAS,4.58%,8.06%,22.38%
EQIX,0.79%,3.68%,2.45%
CDNS,0.28%,-6.87%,-6.74%
CME,3.85%,6.23%,2.61%
ABNB,-3.70%,-15.19%,-19.66%
PYPL,7.60%,14.96%,15.56%
WDAY,17.44%,17.92%,4.13%
CRWD,8.98%,-13.25%,-9.57%
CSX,-0.71%,-0.40%,-2.74%
ORLY,0.42%,4.51%,8.64%
NXPI,2.34%,-3.20%,4.68%
MAR,3.20%,-2.49%,-2.56%
MRVL,7.75%,2.38%,4.74%
CEG,5.48%,-0.26%,17.11%
ROP,2.76%,0.22%,1.75%
FTNT,11.58%,21.16%,21.87%
ADSK,5.33%,5.15%,8.29%
DASH,4.10%,12.69%,12.50%
NTES,-5.93%,-8.57%,-15.29%
COIN,-1.51%,-10.04%,1.68%
AEP,0.27%,5.45%,15.05%
ROST,6.21%,5.35%,9.60%
TTD,8.91%,7.55%,24.33%
CPRT,2.36%,-0.23%,0.78%
PCAR,-0.27%,-5.80%,-9.02%
CHTR,0.61%,10.17%,11.97%
KDP,3.79%,6.99%,12.17%
PAYX,3.15%,5.39%,6.61%
MNST,-1.06%,-3.30%,-11.92%
MPWR,10.41%,12.38%,34.43%
MCHP,1.69%,-6.34%,-7.55%
ODFL,-2.83%,1.04%,-2.41%
KHC,1.94%,6.34%,0.82%
TEAM,7.72%,-0.59%,-14.59%
ACGL,9.98%,11.39%,22.04%
NDAQ,3.56%,10.27%,18.89%
IDXX,0.26%,-0.18%,-5.67%
DDOG,2.27%,-2.98%,-4.15%
JD,-0.29%,-1.75%,-1.99%
EA,1.05%,3.64%,8.92%
FAST,0.76%,2.18%,0.53%
GEHC,1.09%,4.37%,4.98%
VRSK,0.90%,-0.84%,8.65%
CTSH,2.97%,7.03%,6.93%
EXC,0.18%,3.96%,2.69%
CCEP,6.04%,7.54%,14.57%
SMCI,-8.59%,-26.16%,-20.12%
ALNY,5.27%,14.55%,52.99%
BKR,0.08%,1.23%,7.71%
FANG,0.36%,-1.26%,8.56%
LULU,8.26%,-1.63%,-29.23%
XEL,2.92%,8.39%,7.02%
ON,4.17%,4.77%,3.18%
MRNA,-10.47%,-27.96%,-25.59%
CSGP,2.89%,3.20%,-7.18%
ARGX,-0.06%,8.90%,23.66%
CDW,4.05%,1.63%,-0.92%
FER,2.50%,1.76%,21.93%
APP,13.11%,11.42%,41.14%
ZS,8.07%,5.39%,-0.51%
BIDU,-1.57%,-4.59%,-17.18%
BIIB,-0.49%,-6.54%,-10.08%
DXCM,0.23%,-23.72%,-38.07%
MSTR,0.54%,-3.92%,24.82%
FCNCA,-1.73%,5.60%,20.59%
TSCO,4.23%,2.34%,10.16%
FCNCO,,2.34%,10.16%
EBAY,5.14%,8.41%,21.75%
WTW,2.81%,6.52%,10.96%
FITB,3.25%,6.92%,17.40%
ANSS,1.06%,-0.36%,-1.96%
AXON,4.73%,13.76%,26.77%
TTWO,8.40%,6.14%,4.87%
TCOM,9.81%,1.19%,5.63%
NTAP,5.93%,4.50%,27.54%
ICLR,2.01%,1.17%,7.81%
VOD,4.50%,7.13%,10.45%
ERIE,6.61%,20.24%,31.90%
GFS,1.33%,-7.38%,-12.19%
TW,2.91%,7.22%,14.19%
FSLR,7.17%,3.33%,25.38%
ERIC,7.18%,12.98%,28.14%
SBAC,3.95%,9.56%,5.73%
TROW,0.18%,-4.35%,-2.65%
KSPI,2.53%,-1.12%,19.49%
LI,6.80%,7.96%,-25.21%
TER,6.88%,-3.28%,15.69%
WDC,1.87%,-10.07%,-0.41%
STX,1.64%,-1.61%,10.73%
ZM,20.61%,22.24%,12.70%
CHKP,2.53%,8.05%,17.70%
PTC,1.47%,-0.30%,0.12%
HBAN,4.74%,6.42%,11.57%
BNTX,3.38%,3.52%,-6.34%
ILMN,4.46%,11.80%,8.91%
DLTR,-2.30%,-6.97%,-21.80%
CINF,3.08%,8.33%,16.38%
BGNE,10.74%,22.74%,22.96%
WBD,5.65%,6.07%,-9.90%
LINE,0.10%,0.52%,0.52%
FOXA,4.83%,11.16%,26.44%
RYAAY,6.53%,-0.38%,-13.92%
COO,1.24%,3.64%,1.66%
HOOD,11.58%,1.05%,29.62%
STLD,0.80%,-2.51%,-3.69%
HOLX,-2.40%,2.35%,6.44%
PFG,3.38%,-0.32%,-0.05%
FWONK,0.09%,1.72%,11.10%
FOX,4.53%,10.84%,26.72%
SSNC,3.27%,10.02%,18.74%
MDB,-1.30%,-2.53%,-31.05%
ZBRA,3.20%,6.91%,20.84%
ULTA,5.70%,-0.64%,-15.74%
JBHT,2.14%,4.69%,-5.18%
FWONA,-0.62%,1.53%,11.28%
EXPE,10.68%,10.07%,5.89%
NTRS,3.69%,4.10%,7.18%
DKNG,5.78%,-2.58%,-9.76%
ENTG,5.26%,-7.57%,-7.27%
VRSN,1.01%,1.65%,-4.19%
ALGN,5.39%,0.30%,-10.88%
SWKS,1.69%,-0.80%,4.43%
GMAB,2.58%,4.38%,-3.71%
BMRN,2.49%,5.62%,3.69%
LPLA,7.68%,-5.16%,-8.58%
ENPH,9.03%,11.22%,7.80%
OKTA,4.52%,4.31%,7.19%
NWS,2.96%,2.60%,10.35%
MANH,3.82%,6.90%,12.32%
NWSA,2.79%,2.06%,10.20%
BSY,6.47%,5.50%,2.23%
GEN,4.69%,5.47%,14.98%
UTHR,5.01%,7.18%,34.31%
NBIX,2.92%,5.99%,12.76%
AKAM,3.01%,6.71%,-4.11%
NTRA,6.87%,9.15%,38.03%
CPB,1.36%,5.97%,12.49%
WMG,1.62%,-2.65%,-11.25%
LNT,1.52%,6.14%,13.12%
NDSN,5.71%,7.86%,2.32%
CG,-3.27%,-4.42%,-3.60%
UAL,1.22%,-6.83%,-6.51%
RIVN,2.50%,-0.60%,2.14%
LOGI,2.62%,-0.79%,1.49%
VTRS,-0.28%,3.87%,4.28%
GLPI,2.94%,7.29%,10.84%
TRMB,5.62%,2.75%,2.85%
POOL,-0.21%,4.52%,-4.01%
CASY,-0.65%,-0.78%,16.90%
AZPN,5.20%,8.11%,7.31%
INSM,3.30%,6.41%,91.12%
EVRG,-0.15%,4.89%,10.94%
MORN,0.08%,1.79%,6.19%
IBKR,7.44%,5.39%,19.25%
SRPT,1.77%,-2.15%,15.02%
ARCC,2.02%,1.43%,2.90%
NTNX,5.56%,1.48%,-3.51%
MNDY,7.25%,9.69%,23.11%
FLEX,5.32%,5.76%,19.02%
PODD,0.84%,-1.51%,2.97%
Z,13.10%,16.07%,17.37%
REG,1.99%,8.07%,13.75%
GRAB,-0.06%,-4.57%,-2.68%
RPRX,3.87%,4.77%,1.26%
ZG,13.09%,15.77%,16.64%
TTEK,3.60%,9.98%,24.74%
PAA,0.56%,-1.44%,5.20%
LAMR,4.23%,4.01%,9.49%
FTAI,11.22%,16.16%,71.30%
INCY,4.14%,4.12%,11.10%
SIRI,0.79%,-2.35%,-20.38%
HST,4.11%,-0.46%,-7.41%
MEDP,-0.08%,-4.00%,5.56%
CYBR,5.59%,6.10%,16.32%
JKHY,2.99%,3.15%,3.15%
CHRW,5.17%,12.60%,25.24%
WING,8.08%,4.78%,21.44%
COKE,5.66%,16.19%,43.82%
DOCU,7.23%,7.80%,6.49%
EWBC,1.67%,5.18%,11.65%
MBLY,-11.17%,-36.82%,-52.89%
FFIV,2.78%,10.01%,11.59%
TECH,-5.33%,-5.27%,-1.67%
TXRH,0.38%,-0.20%,14.61%
NICE,5.13%,5.02%,-10.96%
LKQ,5.06%,2.01%,-7.44%
LECO,0.59%,0.74%,-9.60%
EXAS,5.49%,20.36%,1.72%
MMYT,4.78%,9.70%,46.09%
QRVO,3.12%,-1.77%,4.70%
SAIA,-3.51%,-13.50%,-19.66%
PPC,2.48%,10.47%,33.48%
LEGN,1.64%,9.23%,3.89%
APA,-1.50%,-3.37%,-10.66%
XP,6.78%,8.68%,-11.69%
CHDN,0.68%,-0.84%,7.25%
TEM,42.20%,68.61%,68.61%
ROKU,19.85%,18.35%,-2.33%
SFM,5.54%,16.52%,55.46%
DOX,1.18%,4.12%,-0.30%
LCID,23.53%,28.75%,26.01%
AFRM,18.45%,12.49%,-5.77%
BRKR,0.01%,0.01%,-12.47%
WWD,6.50%,-2.03%,7.83%
CHK,-0.08%,-7.03%,-10.79%
MTCH,3.49%,11.08%,10.05%
LNW,3.95%,4.55%,15.38%
HAS,4.32%,9.90%,22.96%
SMMT,18.62%,38.43%,151.92%
WIX,3.97%,4.07%,22.28%
CHRD,-4.10%,-9.51%,-10.07%
RGLD,5.10%,6.96%,16.36%
DUOL,10.70%,9.34%,1.93%
CELH,-2.94%,-19.37%,-37.34%
OLED,1.34%,-8.29%,3.99%
CART,8.24%,6.71%,15.31%
HTHT,2.40%,-4.71%,-15.42%
ESLT,4.97%,7.52%,0.48%
HSIC,3.81%,5.93%,0.94%
MKTX,1.33%,8.09%,3.64%
WBA,-12.86%,-20.59%,-48.70%
LBRDK,-0.09%,8.95%,1.25%
PCVX,1.90%,0.56%,15.31%
LBRDA,-0.28%,8.11%,-0.40%
ROIV,6.76%,7.99%,10.48%
SEIC,1.31%,1.32%,2.18%
PCTY,5.52%,11.85%,3.21%
FUTU,2.22%,-3.39%,3.33%
OTEX,5.69%,6.35%,-8.78%
CROX,7.24%,2.97%,15.90%
VFS,-3.08%,-10.39%,-27.13%
WYNN,0.50%,-6.30%,-16.57%
DSGX,3.48%,3.28%,11.56%
ENSG,4.32%,10.19%,22.20%
APPF,6.62%,-1.48%,5.70%
CZR,4.19%,2.16%,-6.88%
AMKR,5.36%,-9.58%,1.43%
RGEN,-7.95%,4.88%,-11.85%
MKSI,3.59%,-5.31%,2.97%
CBSH,2.16%,5.83%,15.84%
PARAA,,5.83%,15.84%
SOFI,11.41%,12.62%,3.46%
ASND,3.56%,3.66%,4.72%
AGNC,1.94%,2.73%,6.75%
HALO,10.17%,15.58%,45.73%
DBX,6.34%,7.63%,-3.97%
FSV,4.29%,9.42%,12.39%
WFRD,0.38%,-7.70%,-0.82%
ITCI,-2.69%,-1.51%,6.92%
MTSI,2.54%,-1.29%,9.19%
CRUS,8.14%,8.83%,43.09%
ALTR,2.69%,-2.31%,5.96%
AAON,5.12%,7.34%,17.84%
MIDD,1.55%,7.50%,1.88%
LSXMK,4.90%,4.07%,-11.01%
LSXMB,,4.07%,-11.01%
LSXMA,4.82%,4.03%,-11.11%
UFPI,0.18%,2.69%,4.13%
TLN,18.87%,23.33%,66.92%
PARA,-2.81%,-3.72%,-14.99%
IEP,-15.53%,-16.72%,-20.30%
PNFP,7.75%,12.63%,18.29%
DRS,0.12%,2.24%,22.78%
GTLB,3.46%,-2.43%,-16.08%
SPSC,-0.54%,0.49%,5.72%
LNTH,9.59%,11.38%,48.05%
ACHC,6.95%,12.98%,5.19%
AUR,12.45%,20.54%,39.81%
EXEL,0.48%,8.78%,13.95%
ZION,3.16%,5.13%,15.23%
WSC,6.08%,2.09%,-6.69%
CIGI,5.79%,14.69%,23.67%
RVMD,0.07%,2.37%,28.76%
BPOP,2.70%,6.06%,16.41%
GNTX,3.73%,-3.69%,-7.39%
VKTX,5.08%,10.52%,27.23%
WTFC,4.14%,4.11%,9.06%
FYBR,2.82%,6.87%,17.68%
JAZZ,2.24%,5.03%,-0.71%
LBTYB,,5.03%,-0.71%
LBTYK,3.23%,6.26%,9.87%
GGAL,10.58%,17.59%,46.71%
NSIT,8.01%,5.59%,14.33%
GRFS,16.76%,16.69%,11.03%
CFLT,-0.23%,-14.18%,-19.94%
LBTYA,3.32%,5.91%,11.24%
IONS,1.47%,2.47%,5.20%
AAL,1.80%,-3.70%,-21.82%
CCCS,3.67%,-0.91%,-4.14%
HCP,0.33%,0.66%,21.30%
CGNX,-1.51%,-12.97%,-5.71%
LFUS,5.31%,4.20%,8.71%
CYTK,-0.66%,0.26%,-8.24%
FRPT,5.21%,6.71%,27.66%
BOKF,3.65%,6.30%,16.97%
LSTR,-3.51%,-2.16%,-1.77%
CVLT,2.35%,14.56%,48.53%
HQY,3.93%,-2.13%,-0.46%
MAT,2.40%,9.32%,5.45%
SAIC,3.72%,6.69%,1.73%
NOVT,3.88%,6.04%,11.67%
LSCC,-0.96%,-13.37%,-28.36%
ALAB,8.77%,-11.24%,-27.65%
NVMI,5.71%,1.59%,27.16%
REYN,4.73%,9.35%,10.85%
VRNS,5.17%,15.22%,24.17%
MASI,-1.76%,-1.16%,-4.56%
ETSY,-0.71%,-4.99%,-18.01%
BZ,0.08%,-14.49%,-18.44%
ONB,4.29%,6.70%,15.23%
CWST,1.56%,3.32%,13.45%
BILI,0.44%,-5.81%,12.29%
HLNE,9.30%,14.57%,31.15%
CHX,0.75%,-1.99%,0.48%
OLLI,0.34%,-2.07%,17.21%
NXT,0.03%,-10.82%,-14.82%
CRDO,20.55%,18.61%,56.16%
PEGA,3.06%,10.44%,20.16%
BPMC,-2.47%,-11.46%,1.05%
COOP,4.27%,7.13%,22.44%
RCM,1.18%,7.17%,16.93%
TMDX,9.69%,15.96%,65.08%
EXLS,4.28%,9.44%,17.40%
GLBE,3.64%,1.39%,-0.38%
CACC,-0.66%,-7.53%,-8.19%
KRYS,3.13%,3.17%,28.80%
VERX,4.19%,4.27%,24.22%
FRHC,7.25%,12.56%,18.87%
QXO,22.68%,-69.26%,-81.52%
BECN,1.65%,-2.79%,-0.79%
BCPC,2.25%,4.18%,14.81%
NXST,0.48%,0.57%,3.38%
NUVL,12.29%,9.61%,13.79%
MARA,4.04%,-8.93%,-8.34%
MDGL,-0.33%,-5.76%,7.41%
ACT,4.37%,8.39%,17.86%
ALGM,4.31%,-8.06%,-12.72%
SRCL,0.02%,0.48%,13.43%
SIGI,1.10%,-2.03%,-10.07%
OPCH,1.39%,5.09%,1.16%
MMSI,4.51%,8.05%,19.03%
EXPO,2.45%,5.72%,20.39%
CRVL,1.16%,9.68%,24.07%
FCFS,1.03%,5.55%,1.30%
SATS,5.58%,5.38%,27.04%
DOOO,3.01%,5.53%,5.30%
COLB,3.11%,10.97%,16.52%
RARE,12.35%,25.85%,28.60%
UBSI,4.03%,8.65%,9.99%
AVAV,-0.67%,-0.97%,14.30%
FFIN,0.96%,8.06%,16.71%
ACIW,5.79%,15.85%,43.95%
TPG,6.20%,11.48%,18.90%
XRAY,1.45%,0.09%,-16.19%
RNA,-0.78%,1.87%,82.81%
UMBF,6.29%,12.41%,23.49%
CSWI,5.55%,12.61%,36.94%
RMBS,0.44%,-16.11%,-24.85%
ASTS,21.41%,74.92%,316.25%
OZK,1.23%,1.16%,-2.88%
TENB,-2.75%,-3.57%,-8.17%
COLM,2.35%,3.49%,3.50%
APLS,5.90%,3.86%,-22.50%
AVT,3.19%,4.33%,10.68%
RDNT,4.76%,6.13%,34.75%
RUN,11.86%,28.95%,48.52%
LYFT,6.53%,-5.34%,-19.64%
ESGR,1.16%,1.37%,9.92%
LANC,-11.83%,-10.99%,-9.84%
BBIO,-0.38%,-3.19%,-17.08%
EEFT,5.88%,3.46%,2.88%
IMVT,6.62%,10.51%,-3.24%
NVEI,0.44%,1.58%,16.92%
BGC,8.13%,10.63%,26.28%
SLM,0.55%,-1.20%,5.86%
FELE,2.28%,3.04%,4.37%
DYN,-0.01%,8.68%,66.16%
OS,4.16%,4.67%,4.67%
QLYS,-2.60%,-8.03%,-22.75%
ALKS,3.23%,9.31%,7.69%
PI,7.30%,4.37%,30.99%
TSEM,8.78%,7.11%,26.52%
VRRM,-1.74%,-2.58%,11.89%
ITRI,2.61%,1.18%,14.39%
TIGO,4.46%,7.73%,29.85%
CNXC,8.31%,10.29%,-2.10%
BRZE,10.16%,15.08%,-1.91%
FIVE,13.57%,-6.16%,-46.26%
HWC,4.02%,4.82%,13.38%
VLY,5.22%,12.72%,2.91%
IAC,3.80%,5.87%,2.59%
PECO,4.76%,8.21%,7.12%
CAMT,0.72%,-13.72%,9.26%
DJT,-16.18%,-29.51%,-38.10%
WAY,8.11%,15.23%,15.71%
SHC,7.15%,18.21%,15.91%
VNOM,6.76%,15.63%,33.69%
CRSP,-2.87%,-10.73%,-22.39%
FIZZ,-3.01%,-6.33%,-1.28%
ADMA,13.79%,30.22%,122.11%
STNE,0.95%,4.10%,-11.86%
SGRY,9.38%,18.20%,11.92%
CRNX,5.83%,9.08%,27.95%
RUSHA,1.49%,10.63%,13.94%
AXSM,3.42%,6.86%,13.83%
AEIS,3.67%,0.69%,5.60%
LOPE,-1.95%,-1.36%,3.39%
BLKB,5.90%,6.72%,6.22%
RUSHB,,6.72%,6.22%
PRCT,23.69%,25.58%,53.04%
NCNO,4.77%,6.95%,9.93%
IPAR,-4.19%,-0.33%,-5.06%
LITE,17.24%,11.75%,18.69%
ICUI,13.36%,25.29%,53.84%
FORM,7.26%,-6.49%,8.45%
GBDC,2.87%,-0.67%,-2.36%
ASO,7.18%,5.48%,-5.10%
SBRA,2.70%,5.67%,15.45%
QFIN,16.57%,24.54%,43.76%
IBOC,2.31%,2.59%,12.57%
SANM,-0.95%,-0.38%,13.23%
POWI,0.39%,-6.24%,-11.23%
IESC,9.48%,19.48%,53.66%
SLAB,10.83%,5.70%,-3.17%
OTTR,-4.06%,-3.42%,0.42%
UPST,29.66%,53.95%,53.99%
PAGP,1.21%,-0.04%,7.49%
TFSL,2.89%,3.69%,2.92%
ACLX,17.22%,20.34%,23.26%
ACLS,-1.60%,-13.49%,-8.48%
FTDR,7.28%,23.24%,39.11%
PTEN,-0.65%,-6.18%,-15.08%
MRUS,2.12%,-2.23%,23.84%
STEP,7.60%,13.04%,45.09%
NEOG,3.58%,4.66%,7.58%
CORT,-0.59%,4.79%,25.67%
LLYVK,4.23%,5.82%,5.91%
STRL,6.35%,2.52%,18.32%
TRMD,3.16%,2.76%,11.62%
LLYVA,4.69%,6.59%,7.02%
FRSH,4.07%,-1.69%,-29.54%
IOVA,16.45%,28.32%,15.49%
ALVO,0.74%,-2.74%,-8.36%
GH,-13.72%,-13.78%,6.30%
CLBT,19.60%,31.67%,60.73%
URBN,-9.27%,-14.30%,-8.66%
ZI,1.81%,-11.21%,-31.76%
VCTR,8.79%,9.21%,28.07%
DNLI,7.32%,9.74%,25.46%
BANF,4.20%,10.06%,16.90%
AXNX,0.58%,1.46%,4.97%
TGTX,8.07%,14.54%,38.78%
FULT,5.30%,6.65%,16.99%
CALM,0.69%,7.74%,21.13%
LOT,1.11%,-9.44%,-32.99%
AAPL,3.57%,3.46%,18.01%
NVDA,11.25%,6.18%,48.36%
MSFT,0.18%,-4.65%,1.01%
GOOG,0.15%,-5.46%,5.88%
GOOGL,0.18%,-5.56%,5.79%
AMZN,-0.13%,-5.58%,0.79%
META,1.60%,3.14%,15.29%
AVGO,4.35%,0.33%,22.27%
TSLA,-0.79%,-4.32%,2.91%
COST,6.85%,6.74%,22.45%
ASML,0.68%,-7.04%,0.20%
NFLX,7.02%,5.71%,19.15%
AZN,5.33%,8.76%,21.74%
AMD,5.50%,-2.35%,-4.52%
ADBE,4.70%,4.01%,3.97%
PEP,0.83%,3.49%,3.13%
TMUS,5.95%,10.82%,22.06%
LIN,4.13%,5.96%,8.97%
CSCO,6.42%,7.28%,4.39%
PDD,-29.65%,-29.80%,-28.29%
QCOM,3.81%,-7.14%,4.13%
TXN,6.84%,6.35%,18.80%
AMGN,0.16%,1.25%,10.42%
INTU,-1.71%,-1.85%,0.57%
ISRG,3.58%,7.14%,24.32%
AMAT,-0.95%,-10.41%,0.88%
CMCSA,1.51%,3.29%,-1.93%
ARM,5.22%,-12.13%,17.00%
SNY,5.61%,10.10%,14.98%
HON,2.92%,-0.87%,2.36%
REGN,5.72%,10.10%,24.55%
BKNG,8.20%,2.23%,8.03%
VRTX,-0.02%,-0.25%,11.82%
MU,-1.96%,-16.75%,-5.68%
PANW,5.91%,6.03%,13.80%
ADI,6.36%,2.51%,13.40%
LRCX,-1.41%,-13.60%,-7.39%
ADP,4.33%,9.37%,12.53%
KLAC,4.70%,0.96%,18.04%
SBUX,16.21%,23.43%,12.10%
MELI,8.30%,16.94%,24.94%
GILD,2.48%,6.77%,5.30%
MDLZ,1.86%,5.19%,1.42%
INTC,-8.05%,-28.46%,-46.23%
SNPS,-1.72%,-8.24%,-5.97%
CTAS,4.58%,8.06%,22.38%
EQIX,0.79%,3.68%,2.45%
CDNS,0.28%,-6.87%,-6.74%
CME,3.85%,6.23%,2.61%
ABNB,-3.70%,-15.19%,-19.66%
PYPL,7.60%,14.96%,15.56%
WDAY,17.44%,17.92%,4.13%
CRWD,8.98%,-13.25%,-9.57%
CSX,-0.71%,-0.40%,-2.74%
ORLY,0.42%,4.51%,8.64%
NXPI,2.34%,-3.20%,4.68%
MAR,3.20%,-2.49%,-2.56%
MRVL,7.75%,2.38%,4.74%
CEG,5.48%,-0.26%,17.11%
ROP,2.76%,0.22%,1.75%
FTNT,11.58%,21.16%,21.87%
ADSK,5.33%,5.15%,8.29%
DASH,4.10%,12.69%,12.50%
NTES,-5.93%,-8.57%,-15.29%
COIN,-1.51%,-10.04%,1.68%
AEP,0.27%,5.45%,15.05%
ROST,6.21%,5.35%,9.60%
TTD,8.91%,7.55%,24.33%
CPRT,2.36%,-0.23%,0.78%
PCAR,-0.27%,-5.80%,-9.02%
CHTR,0.61%,10.17%,11.97%
KDP,3.79%,6.99%,12.17%
PAYX,3.15%,5.39%,6.61%
MNST,-1.06%,-3.30%,-11.92%
MPWR,10.41%,12.38%,34.43%
MCHP,1.69%,-6.34%,-7.55%
ODFL,-2.83%,1.04%,-2.41%
KHC,1.94%,6.34%,0.82%
TEAM,7.72%,-0.59%,-14.59%
ACGL,9.98%,11.39%,22.04%
NDAQ,3.56%,10.27%,18.89%
IDXX,0.26%,-0.18%,-5.67%
DDOG,2.27%,-2.98%,-4.15%
JD,-0.29%,-1.75%,-1.99%
EA,1.05%,3.64%,8.92%
FAST,0.76%,2.18%,0.53%
GEHC,1.09%,4.37%,4.98%
VRSK,0.90%,-0.84%,8.65%
CTSH,2.97%,7.03%,6.93%
EXC,0.18%,3.96%,2.69%
CCEP,6.04%,7.54%,14.57%
SMCI,-8.59%,-26.16%,-20.12%
ALNY,5.27%,14.55%,52.99%
BKR,0.08%,1.23%,7.71%
FANG,0.36%,-1.26%,8.56%
LULU,8.26%,-1.63%,-29.23%
XEL,2.92%,8.39%,7.02%
ON,4.17%,4.77%,3.18%
MRNA,-10.47%,-27.96%,-25.59%
CSGP,2.89%,3.20%,-7.18%
ARGX,-0.06%,8.90%,23.66%
CDW,4.05%,1.63%,-0.92%
FER,2.50%,1.76%,21.93%
APP,13.11%,11.42%,41.14%
ZS,8.07%,5.39%,-0.51%
BIDU,-1.57%,-4.59%,-17.18%
BIIB,-0.49%,-6.54%,-10.08%
DXCM,0.23%,-23.72%,-38.07%
MSTR,0.54%,-3.92%,24.82%
FCNCA,-1.73%,5.60%,20.59%
TSCO,4.23%,2.34%,10.16%
FCNCO,,2.34%,10.16%
EBAY,5.14%,8.41%,21.75%
WTW,2.81%,6.52%,10.96%
FITB,3.25%,6.92%,17.40%
ANSS,1.06%,-0.36%,-1.96%
AXON,4.73%,13.76%,26.77%
TTWO,8.40%,6.14%,4.87%
TCOM,9.81%,1.19%,5.63%
NTAP,5.93%,4.50%,27.54%
ICLR,2.01%,1.17%,7.81%
VOD,4.50%,7.13%,10.45%
ERIE,6.61%,20.24%,31.90%
GFS,1.33%,-7.38%,-12.19%
TW,2.91%,7.22%,14.19%
FSLR,7.17%,3.33%,25.38%
ERIC,7.18%,12.98%,28.14%
SBAC,3.95%,9.56%,5.73%
TROW,0.18%,-4.35%,-2.65%
KSPI,2.53%,-1.12%,19.49%
LI,6.80%,7.96%,-25.21%
TER,6.88%,-3.28%,15.69%
WDC,1.87%,-10.07%,-0.41%
STX,1.64%,-1.61%,10.73%
ZM,20.61%,22.24%,12.70%
CHKP,2.53%,8.05%,17.70%
PTC,1.47%,-0.30%,0.12%
HBAN,4.74%,6.42%,11.57%
BNTX,3.38%,3.52%,-6.34%
ILMN,4.46%,11.80%,8.91%
DLTR,-2.30%,-6.97%,-21.80%
CINF,3.08%,8.33%,16.38%
BGNE,10.74%,22.74%,22.96%
WBD,5.65%,6.07%,-9.90%
LINE,0.10%,0.52%,0.52%
FOXA,4.83%,11.16%,26.44%
RYAAY,6.53%,-0.38%,-13.92%
COO,1.24%,3.64%,1.66%
HOOD,11.58%,1.05%,29.62%
STLD,0.80%,-2.51%,-3.69%
HOLX,-2.40%,2.35%,6.44%
PFG,3.38%,-0.32%,-0.05%
FWONK,0.09%,1.72%,11.10%
FOX,4.53%,10.84%,26.72%
SSNC,3.27%,10.02%,18.74%
MDB,-1.30%,-2.53%,-31.05%
ZBRA,3.20%,6.91%,20.84%
ULTA,5.70%,-0.64%,-15.74%
JBHT,2.14%,4.69%,-5.18%
FWONA,-0.62%,1.53%,11.28%
EXPE,10.68%,10.07%,5.89%
NTRS,3.69%,4.10%,7.18%
DKNG,5.78%,-2.58%,-9.76%
ENTG,5.26%,-7.57%,-7.27%
VRSN,1.01%,1.65%,-4.19%
ALGN,5.39%,0.30%,-10.88%
SWKS,1.69%,-0.80%,4.43%
GMAB,2.58%,4.38%,-3.71%
BMRN,2.49%,5.62%,3.69%
LPLA,7.68%,-5.16%,-8.58%
ENPH,9.03%,11.22%,7.80%
OKTA,4.52%,4.31%,7.19%
NWS,2.96%,2.60%,10.35%
MANH,3.82%,6.90%,12.32%
NWSA,2.79%,2.06%,10.20%
BSY,6.47%,5.50%,2.23%
GEN,4.69%,5.47%,14.98%
UTHR,5.01%,7.18%,34.31%
NBIX,2.92%,5.99%,12.76%
AKAM,3.01%,6.71%,-4.11%
NTRA,6.87%,9.15%,38.03%
CPB,1.36%,5.97%,12.49%
WMG,1.62%,-2.65%,-11.25%
LNT,1.52%,6.14%,13.12%
NDSN,5.71%,7.86%,2.32%
CG,-3.27%,-4.42%,-3.60%
UAL,1.22%,-6.83%,-6.51%
RIVN,2.50%,-0.60%,2.14%
LOGI,2.62%,-0.79%,1.49%
VTRS,-0.28%,3.87%,4.28%
GLPI,2.94%,7.29%,10.84%
TRMB,5.62%,2.75%,2.85%
POOL,-0.21%,4.52%,-4.01%
CASY,-0.65%,-0.78%,16.90%
AZPN,5.20%,8.11%,7.31%
INSM,3.30%,6.41%,91.12%
EVRG,-0.15%,4.89%,10.94%
MORN,0.08%,1.79%,6.19%
IBKR,7.44%,5.39%,19.25%
SRPT,1.77%,-2.15%,15.02%
ARCC,2.02%,1.43%,2.90%
NTNX,5.56%,1.48%,-3.51%
MNDY,7.25%,9.69%,23.11%
FLEX,5.32%,5.76%,19.02%
PODD,0.84%,-1.51%,2.97%
Z,13.10%,16.07%,17.37%
REG,1.99%,8.07%,13.75%
GRAB,-0.06%,-4.57%,-2.68%
RPRX,3.87%,4.77%,1.26%
ZG,13.09%,15.77%,16.64%
TTEK,3.60%,9.98%,24.74%
PAA,0.56%,-1.44%,5.20%
LAMR,4.23%,4.01%,9.49%
FTAI,11.22%,16.16%,71.30%
INCY,4.14%,4.12%,11.10%
SIRI,0.79%,-2.35%,-20.38%
HST,4.11%,-0.46%,-7.41%
MEDP,-0.08%,-4.00%,5.56%
CYBR,5.59%,6.10%,16.32%
JKHY,2.99%,3.15%,3.15%
CHRW,5.17%,12.60%,25.24%
WING,8.08%,4.78%,21.44%
COKE,5.66%,16.19%,43.82%
DOCU,7.23%,7.80%,6.49%
EWBC,1.67%,5.18%,11.65%
MBLY,-11.17%,-36.82%,-52.89%
FFIV,2.78%,10.01%,11.59%
TECH,-5.33%,-5.27%,-1.67%
TXRH,0.38%,-0.20%,14.61%
NICE,5.13%,5.02%,-10.96%
LKQ,5.06%,2.01%,-7.44%
LECO,0.59%,0.74%,-9.60%
EXAS,5.49%,20.36%,1.72%
MMYT,4.78%,9.70%,46.09%
QRVO,3.12%,-1.77%,4.70%
SAIA,-3.51%,-13.50%,-19.66%
PPC,2.48%,10.47%,33.48%
LEGN,1.64%,9.23%,3.89%
APA,-1.50%,-3.37%,-10.66%
XP,6.78%,8.68%,-11.69%
CHDN,0.68%,-0.84%,7.25%
TEM,42.20%,68.61%,68.61%
ROKU,19.85%,18.35%,-2.33%
SFM,5.54%,16.52%,55.46%
DOX,1.18%,4.12%,-0.30%
LCID,23.53%,28.75%,26.01%
AFRM,18.45%,12.49%,-5.77%
BRKR,0.01%,0.01%,-12.47%
WWD,6.50%,-2.03%,7.83%
CHK,-0.08%,-7.03%,-10.79%
MTCH,3.49%,11.08%,10.05%
LNW,3.95%,4.55%,15.38%
HAS,4.32%,9.90%,22.96%
SMMT,18.62%,38.43%,151.92%
WIX,3.97%,4.07%,22.28%
CHRD,-4.10%,-9.51%,-10.07%
RGLD,5.10%,6.96%,16.36%
DUOL,10.70%,9.34%,1.93%
CELH,-2.94%,-19.37%,-37.34%
OLED,1.34%,-8.29%,3.99%
CART,8.24%,6.71%,15.31%
HTHT,2.40%,-4.71%,-15.42%
ESLT,4.97%,7.52%,0.48%
HSIC,3.81%,5.93%,0.94%
MKTX,1.33%,8.09%,3.64%
WBA,-12.86%,-20.59%,-48.70%
LBRDK,-0.09%,8.95%,1.25%
PCVX,1.90%,0.56%,15.31%
LBRDA,-0.28%,8.11%,-0.40%
ROIV,6.76%,7.99%,10.48%
SEIC,1.31%,1.32%,2.18%
PCTY,5.52%,11.85%,3.21%
FUTU,2.22%,-3.39%,3.33%
OTEX,5.69%,6.35%,-8.78%
CROX,7.24%,2.97%,15.90%
VFS,-3.08%,-10.39%,-27.13%
WYNN,0.50%,-6.30%,-16.57%
DSGX,3.48%,3.28%,11.56%
ENSG,4.32%,10.19%,22.20%
APPF,6.62%,-1.48%,5.70%
CZR,4.19%,2.16%,-6.88%
AMKR,5.36%,-9.58%,1.43%
RGEN,-7.95%,4.88%,-11.85%
MKSI,3.59%,-5.31%,2.97%
CBSH,2.16%,5.83%,15.84%
PARAA,,5.83%,15.84%
SOFI,11.41%,12.62%,3.46%
ASND,3.56%,3.66%,4.72%
AGNC,1.94%,2.73%,6.75%
HALO,10.17%,15.58%,45.73%
DBX,6.34%,7.63%,-3.97%
FSV,4.29%,9.42%,12.39%
WFRD,0.38%,-7.70%,-0.82%
ITCI,-2.69%,-1.51%,6.92%
MTSI,2.54%,-1.29%,9.19%
CRUS,8.14%,8.83%,43.09%
ALTR,2.69%,-2.31%,5.96%
AAON,5.12%,7.34%,17.84%
MIDD,1.55%,7.50%,1.88%
LSXMK,4.90%,4.07%,-11.01%
LSXMB,,4.07%,-11.01%
LSXMA,4.82%,4.03%,-11.11%
UFPI,0.18%,2.69%,4.13%
TLN,18.87%,23.33%,66.92%
PARA,-2.81%,-3.72%,-14.99%
IEP,-15.53%,-16.72%,-20.30%
PNFP,7.75%,12.63%,18.29%
DRS,0.12%,2.24%,22.78%
GTLB,3.46%,-2.43%,-16.08%
SPSC,-0.54%,0.49%,5.72%
LNTH,9.59%,11.38%,48.05%
ACHC,6.95%,12.98%,5.19%
AUR,12.45%,20.54%,39.81%
EXEL,0.48%,8.78%,13.95%
ZION,3.16%,5.13%,15.23%
WSC,6.08%,2.09%,-6.69%
CIGI,5.79%,14.69%,23.67%
RVMD,0.07%,2.37%,28.76%
BPOP,2.70%,6.06%,16.41%
GNTX,3.73%,-3.69%,-7.39%
VKTX,5.08%,10.52%,27.23%
WTFC,4.14%,4.11%,9.06%
FYBR,2.82%,6.87%,17.68%
JAZZ,2.24%,5.03%,-0.71%
LBTYB,,5.03%,-0.71%
LBTYK,3.23%,6.26%,9.87%
GGAL,10.58%,17.59%,46.71%
NSIT,8.01%,5.59%,14.33%
GRFS,16.76%,16.69%,11.03%
CFLT,-0.23%,-14.18%,-19.94%
LBTYA,3.32%,5.91%,11.24%
IONS,1.47%,2.47%,5.20%
AAL,1.80%,-3.70%,-21.82%
CCCS,3.67%,-0.91%,-4.14%
HCP,0.33%,0.66%,21.30%
CGNX,-1.51%,-12.97%,-5.71%
LFUS,5.31%,4.20%,8.71%
CYTK,-0.66%,0.26%,-8.24%
FRPT,5.21%,6.71%,27.66%
BOKF,3.65%,6.30%,16.97%
LSTR,-3.51%,-2.16%,-1.77%
CVLT,2.35%,14.56%,48.53%
HQY,3.93%,-2.13%,-0.46%
MAT,2.40%,9.32%,5.45%
SAIC,3.72%,6.69%,1.73%
NOVT,3.88%,6.04%,11.67%
LSCC,-0.96%,-13.37%,-28.36%
ALAB,8.77%,-11.24%,-27.65%
NVMI,5.71%,1.59%,27.16%
REYN,4.73%,9.35%,10.85%
VRNS,5.17%,15.22%,24.17%
MASI,-1.76%,-1.16%,-4.56%
ETSY,-0.71%,-4.99%,-18.01%
BZ,0.08%,-14.49%,-18.44%
ONB,4.29%,6.70%,15.23%
CWST,1.56%,3.32%,13.45%
BILI,0.44%,-5.81%,12.29%
HLNE,9.30%,14.57%,31.15%
CHX,0.75%,-1.99%,0.48%
OLLI,0.34%,-2.07%,17.21%
NXT,0.03%,-10.82%,-14.82%
CRDO,20.55%,18.61%,56.16%
PEGA,3.06%,10.44%,20.16%
BPMC,-2.47%,-11.46%,1.05%
COOP,4.27%,7.13%,22.44%
RCM,1.18%,7.17%,16.93%
TMDX,9.69%,15.96%,65.08%
EXLS,4.28%,9.44%,17.40%
GLBE,3.64%,1.39%,-0.38%
CACC,-0.66%,-7.53%,-8.19%
KRYS,3.13%,3.17%,28.80%
VERX,4.19%,4.27%,24.22%
FRHC,7.25%,12.56%,18.87%
QXO,22.68%,-69.26%,-81.52%
BECN,1.65%,-2.79%,-0.79%
BCPC,2.25%,4.18%,14.81%
NXST,0.48%,0.57%,3.38%
NUVL,12.29%,9.61%,13.79%
MARA,4.04%,-8.93%,-8.34%
MDGL,-0.33%,-5.76%,7.41%
ACT,4.37%,8.39%,17.86%
ALGM,4.31%,-8.06%,-12.72%
SRCL,0.02%,0.48%,13.43%
SIGI,1.10%,-2.03%,-10.07%
OPCH,1.39%,5.09%,1.16%
MMSI,4.51%,8.05%,19.03%
EXPO,2.45%,5.72%,20.39%
CRVL,1.16%,9.68%,24.07%
FCFS,1.03%,5.55%,1.30%
SATS,5.58%,5.38%,27.04%
DOOO,3.01%,5.53%,5.30%
COLB,3.11%,10.97%,16.52%
RARE,12.35%,25.85%,28.60%
UBSI,4.03%,8.65%,9.99%
AVAV,-0.67%,-0.97%,14.30%
FFIN,0.96%,8.06%,16.71%
ACIW,5.79%,15.85%,43.95%
TPG,6.20%,11.48%,18.90%
XRAY,1.45%,0.09%,-16.19%
RNA,-0.78%,1.87%,82.81%
UMBF,6.29%,12.41%,23.49%
CSWI,5.55%,12.61%,36.94%
RMBS,0.44%,-16.11%,-24.85%
ASTS,21.41%,74.92%,316.25%
OZK,1.23%,1.16%,-2.88%
TENB,-2.75%,-3.57%,-8.17%
COLM,2.35%,3.49%,3.50%
APLS,5.90%,3.86%,-22.50%
AVT,3.19%,4.33%,10.68%
RDNT,4.76%,6.13%,34.75%
RUN,11.86%,28.95%,48.52%
LYFT,6.53%,-5.34%,-19.64%
ESGR,1.16%,1.37%,9.92%
LANC,-11.83%,-10.99%,-9.84%
BBIO,-0.38%,-3.19%,-17.08%
EEFT,5.88%,3.46%,2.88%
IMVT,6.62%,10.51%,-3.24%
NVEI,0.44%,1.58%,16.92%
BGC,8.13%,10.63%,26.28%
SLM,0.55%,-1.20%,5.86%
FELE,2.28%,3.04%,4.37%
DYN,-0.01%,8.68%,66.16%
OS,4.16%,4.67%,4.67%
QLYS,-2.60%,-8.03%,-22.75%
ALKS,3.23%,9.31%,7.69%
PI,7.30%,4.37%,30.99%
TSEM,8.78%,7.11%,26.52%
VRRM,-1.74%,-2.58%,11.89%
ITRI,2.61%,1.18%,14.39%
TIGO,4.46%,7.73%,29.85%
CNXC,8.31%,10.29%,-2.10%
BRZE,10.16%,15.08%,-1.91%
FIVE,13.57%,-6.16%,-46.26%
HWC,4.02%,4.82%,13.38%
VLY,5.22%,12.72%,2.91%
IAC,3.80%,5.87%,2.59%
PECO,4.76%,8.21%,7.12%
CAMT,0.72%,-13.72%,9.26%
DJT,-16.18%,-29.51%,-38.10%
WAY,8.11%,15.23%,15.71%
SHC,7.15%,18.21%,15.91%
VNOM,6.76%,15.63%,33.69%
CRSP,-2.87%,-10.73%,-22.39%
FIZZ,-3.01%,-6.33%,-1.28%
ADMA,13.79%,30.22%,122.11%
STNE,0.95%,4.10%,-11.86%
SGRY,9.38%,18.20%,11.92%
CRNX,5.83%,9.08%,27.95%
RUSHA,1.49%,10.63%,13.94%
AXSM,3.42%,6.86%,13.83%
AEIS,3.67%,0.69%,5.60%
LOPE,-1.95%,-1.36%,3.39%
BLKB,5.90%,6.72%,6.22%
RUSHB,,6.72%,6.22%
PRCT,23.69%,25.58%,53.04%
NCNO,4.77%,6.95%,9.93%
IPAR,-4.19%,-0.33%,-5.06%
LITE,17.24%,11.75%,18.69%
ICUI,13.36%,25.29%,53.84%
FORM,7.26%,-6.49%,8.45%
GBDC,2.87%,-0.67%,-2.36%
ASO,7.18%,5.48%,-5.10%
SBRA,2.70%,5.67%,15.45%
QFIN,16.57%,24.54%,43.76%
IBOC,2.31%,2.59%,12.57%
SANM,-0.95%,-0.38%,13.23%
POWI,0.39%,-6.24%,-11.23%
IESC,9.48%,19.48%,53.66%
SLAB,10.83%,5.70%,-3.17%
OTTR,-4.06%,-3.42%,0.42%
UPST,29.66%,53.95%,53.99%
PAGP,1.21%,-0.04%,7.49%
TFSL,2.89%,3.69%,2.92%
ACLX,17.22%,20.34%,23.26%
ACLS,-1.60%,-13.49%,-8.48%
FTDR,7.28%,23.24%,39.11%
PTEN,-0.65%,-6.18%,-15.08%
MRUS,2.12%,-2.23%,23.84%
STEP,7.60%,13.04%,45.09%
NEOG,3.58%,4.66%,7.58%
CORT,-0.59%,4.79%,25.67%
LLYVK,4.23%,5.82%,5.91%
STRL,6.35%,2.52%,18.32%
TRMD,3.16%,2.76%,11.62%
LLYVA,4.69%,6.59%,7.02%
FRSH,4.07%,-1.69%,-29.54%
IOVA,16.45%,28.32%,15.49%
ALVO,0.74%,-2.74%,-8.36%
GH,-13.72%,-13.78%,6.30%
CLBT,19.60%,31.67%,60.73%
URBN,-9.27%,-14.30%,-8.66%
ZI,1.81%,-11.21%,-31.76%
VCTR,8.79%,9.21%,28.07%
DNLI,7.32%,9.74%,25.46%
BANF,4.20%,10.06%,16.90%
AXNX,0.58%,1.46%,4.97%
TGTX,8.07%,14.54%,38.78%
FULT,5.30%,6.65%,16.99%
CALM,0.69%,7.74%,21.13%
LOT,1.11%,-9.44%,-32.99%
SRAD,5.38%,5.47%,10.69%
FOLD,3.21%,8.60%,0.54%
PLXS,3.78%,10.46%,21.56%
PCH,1.59%,4.86%,-2.38%
RKLB,7.43%,15.31%,31.80%
CCOI,2.61%,13.65%,9.02%
DORM,6.43%,13.62%,26.42%
KTOS,6.47%,6.62%,14.60%
WEN,-0.15%,0.44%,-7.54%
WDFC,1.79%,6.57%,5.77%
GLNG,-0.44%,0.32%,27.60%
ROAD,7.81%,11.57%,27.20%
IDCC,-0.21%,7.11%,22.62%
CVCO,4.54%,7.36%,13.98%
EBC,6.85%,10.58%,20.55%
INTR,10.16%,16.85%,33.24%
SITM,9.15%,5.73%,25.15%
IDYA,1.35%,1.74%,0.32%
ALKT,4.00%,8.33%,27.54%
RRR,2.56%,1.21%,5.13%
NWE,1.38%,3.97%,6.47%
DIOD,0.81%,-7.22%,-5.11%
WSFS,2.77%,5.56%,18.08%
SHOO,2.18%,2.28%,6.49%
JJSF,0.74%,1.73%,7.76%
GDS,33.99%,47.49%,89.72%
CATY,3.93%,8.04%,11.23%
FIBK,5.70%,6.54%,11.65%
INTA,20.57%,24.18%,21.93%
SMPL,-1.78%,-7.09%,-11.65%
AMED,-0.02%,1.35%,3.81%
SYNA,5.52%,-4.14%,-16.21%
NMIH,5.41%,10.04%,25.54%
BL,0.82%,3.69%,-11.13%
ACVA,5.63%,4.50%,11.30%
TCBI,6.70%,5.89%,9.64%
MGEE,-0.48%,4.86%,13.24%
IPGP,-1.26%,-13.12%,-22.86%
IRDM,-4.15%,-2.33%,-16.28%
CAR,-2.57%,-12.73%,-33.28%
MLTX,2.73%,5.98%,-2.10%
CLSK,-7.73%,-24.56%,-17.39%
GDRX,9.98%,7.00%,22.35%
MEOH,4.41%,-1.78%,-0.82%
FHB,1.49%,5.37%,10.99%
XENE,1.27%,2.26%,-1.05%
ARWR,-3.45%,-8.09%,-13.41%
ARLP,2.04%,-0.98%,9.69%
NWL,-5.36%,2.83%,-6.26%
SKYW,2.33%,-4.20%,14.43%
ICFI,4.18%,11.34%,13.72%
SWTX,11.46%,9.64%,2.71%
KYMR,11.31%,22.95%,43.58%
AGYS,2.11%,4.93%,23.24%
ALRM,-5.40%,-7.48%,-8.65%
QDEL,4.55%,18.61%,-12.34%
OMAB,-7.89%,-12.18%,-19.68%
WAFD,6.20%,14.37%,23.80%
PATK,5.06%,11.26%,22.07%
HCM,-7.97%,-5.77%,-0.81%
CARG,9.40%,11.26%,21.01%
BWIN,7.05%,15.20%,53.53%
IBRX,-3.33%,-23.74%,-19.70%
LIF,12.58%,17.98%,20.29%
PENN,2.07%,1.11%,-3.47%
FROG,-8.89%,-19.51%,-23.41%
TNDM,11.31%,9.00%,35.06%
PLTK,6.56%,1.40%,-1.28%
IOSP,0.26%,-5.42%,-5.51%
TXG,8.21%,14.71%,-33.73%
APGE,4.99%,8.00%,14.67%
RYTM,3.43%,3.91%,12.84%
VC,-0.33%,-4.14%,-10.99%
CORZ,7.67%,5.66%,76.31%
SMTC,16.66%,18.08%,39.09%
FA,8.91%,13.98%,17.77%
CRTO,0.50%,11.39%,39.94%
BHF,2.34%,0.71%,-5.68%
BATRA,1.62%,4.39%,8.40%
GERN,1.69%,1.85%,46.08%
HUBG,0.25%,-0.17%,2.03%
MQ,1.30%,0.00%,-8.98%
BATRK,1.48%,3.89%,9.63%
PSMT,5.93%,7.95%,14.21%
RELY,-1.86%,2.55%,-20.83%
PAYO,11.36%,22.98%,35.56%
MGRC,2.34%,0.22%,-4.52%
INDB,4.06%,12.18%,13.38%
SFNC,3.79%,8.46%,12.83%
CENT,1.74%,2.50%,0.34%
LGIH,5.74%,11.89%,2.25%
NFE,-13.95%,-31.48%,-54.63%
ACAD,-4.86%,-5.91%,-23.24%
PRFT,-0.08%,0.18%,12.58%
AGIO,4.96%,4.73%,44.29%
PTCT,7.50%,6.54%,19.05%
ARCB,-3.11%,-4.56%,-12.80%
VIRT,7.04%,18.26%,44.29%
HWKN,5.79%,19.23%,55.62%
PLMR,5.20%,11.17%,29.86%
AMRX,10.86%,17.13%,39.71%
SNEX,3.93%,5.71%,15.75%
UFPT,6.15%,11.79%,47.73%
RIOT,-5.55%,-17.37%,-31.48%
AY,0.56%,0.92%,9.42%
TBBK,4.29%,13.80%,29.55%
TWST,-1.18%,-8.82%,16.52%
OSIS,2.81%,3.39%,9.43%
FFBC,3.92%,8.32%,15.62%
MYGN,-0.20%,4.19%,23.65%
PYCR,12.43%,14.67%,-15.20%
CVBF,5.55%,4.11%,3.83%
PLUS,6.09%,14.72%,22.32%
TOWN,4.55%,11.65%,19.74%
GT,-1.21%,-16.42%,-30.02%
LIVN,0.91%,-7.67%,-10.85%
FLNC,13.10%,9.25%,-0.96%
NARI,-8.78%,-12.57%,-15.46%
PPBI,1.95%,4.35%,5.13%
FIVN,-9.95%,-18.23%,-44.18%
SBLK,-1.40%,-8.16%,-7.87%
PRVA,4.56%,10.73%,4.34%
CGON,7.54%,8.84%,0.49%
PRGS,2.00%,5.08%,7.76%
CLDX,9.59%,4.38%,1.62%
VCYT,12.00%,28.19%,33.87%
PTGX,7.41%,14.61%,47.97%
GOGL,5.34%,-1.30%,5.47%
DLO,9.99%,10.15%,-36.02%
MLCO,-0.48%,-14.31%,-27.12%
SYM,-7.85%,-31.31%,-47.72%
VCEL,13.34%,12.65%,21.12%
RPD,3.00%,-1.91%,-20.16%
CPRX,9.71%,19.65%,31.17%
ATAT,1.07%,-2.77%,-5.00%
AZTA,-8.81%,-9.61%,-14.87%
NTLA,-0.92%,-4.60%,-12.04%
HTLF,6.43%,12.61%,39.22%
IBTX,5.18%,11.96%,24.42%
JANX,11.35%,8.64%,43.64%
ADUS,4.40%,8.27%,28.33%
DRVN,2.72%,7.31%,5.69%
CENTA,2.08%,2.97%,-0.80%
KLIC,1.21%,-6.82%,-11.33%
STRA,0.70%,-8.15%,-4.41%
LFST,9.14%,14.62%,-0.18%
ASTH,0.79%,6.13%,21.46%
JAMF,2.90%,4.46%,0.81%
NMRK,7.31%,16.67%,30.26%
LAUR,4.18%,4.74%,9.55%
WERN,-1.56%,0.29%,-3.91%
AMPH,10.28%,17.07%,2.11%
SBCF,3.09%,5.59%,8.14%
USLM,2.43%,3.88%,31.65%
NBTB,4.16%,11.33%,25.40%
POWL,9.84%,19.21%,35.89%
CMPR,12.07%,10.98%,15.90%
GPCR,11.58%,4.78%,-3.68%
APPN,3.34%,0.04%,-7.42%
FRME,4.11%,7.30%,11.87%
IQ,-26.19%,-34.33%,-45.02%
RXST,13.55%,9.82%,15.59%
MRCY,2.74%,13.36%,18.05%
FLYW,-0.58%,2.26%,-14.51%
PDCO,4.02%,4.53%,-3.85%
RXRX,8.29%,-1.57%,-15.84%
VSAT,-10.53%,1.12%,-12.50%
IRTC,-5.43%,-22.85%,-31.90%
VRNA,10.82%,29.94%,58.94%
LION,3.54%,-2.60%,-22.36%
ODD,-6.42%,-7.83%,-7.52%
SIMO,-1.68%,-14.47%,-11.45%
VECO,-3.75%,-14.89%,-0.99%
BTSG,6.39%,9.89%,16.54%
VERA,0.35%,3.44%,13.34%
CERT,-2.20%,-7.38%,-18.27%
NEO,-0.84%,8.91%,4.97%
RZLV,-11.76%,-17.74%,-18.83%
PSEC,0.63%,-4.94%,-9.01%
MBIN,7.42%,5.17%,10.87%
BEAM,1.04%,1.73%,-4.28%
ROCK,1.05%,-3.50%,-8.72%
TTMI,5.56%,1.03%,20.32%
MLKN,2.69%,6.70%,8.69%
ZD,7.89%,-2.97%,-19.75%
HRMY,3.44%,8.21%,13.58%
CAKE,9.35%,6.39%,13.39%
PTVE,6.98%,0.25%,-11.51%
OMCL,12.27%,39.25%,44.24%
LMAT,5.92%,6.49%,30.83%
PINC,-1.86%,1.74%,-3.92%
NSSC,-13.73%,-13.38%,8.45%
AMBA,13.39%,-0.03%,-0.68%
BANR,5.94%,10.03%,21.49%
TRMK,2.42%,4.10%,16.28%
YY,-1.61%,2.06%,-0.24%
VRNT,-2.06%,-2.47%,6.70%
TRIP,-1.76%,-12.16%,-30.24%
EXPI,3.74%,5.85%,6.53%
SPNS,1.55%,0.78%,16.43%
AVPT,1.95%,3.42%,23.55%
TFIN,-0.90%,-0.40%,8.59%
MGPI,5.31%,13.36%,7.33%
MGNI,5.38%,1.87%,29.22%
ENLT,3.02%,1.78%,-3.78%
ROIC,3.23%,14.57%,19.61%
FTRE,-4.67%,-6.38%,-26.52%
EFSC,4.98%,14.07%,25.67%
HPK,1.82%,1.51%,3.10%
PGNY,-5.90%,-16.70%,-33.33%
TRUP,18.05%,37.54%,62.13%
MIRM,8.50%,16.69%,46.61%
EXTR,7.79%,11.47%,11.36%
KNSA,5.00%,18.81%,37.76%
NVCR,-5.88%,-3.43%,12.16%
GSHD,-1.49%,17.26%,18.41%
PLUG,-4.54%,-14.90%,-36.99%
WSBC,4.42%,7.26%,10.83%
SUPN,8.14%,17.75%,19.32%
VEON,-2.39%,0.26%,13.81%
NVAX,-8.37%,-16.23%,35.52%
EVCM,-0.94%,-4.43%,4.45%
AKRO,3.51%,5.30%,16.87%
HLMN,0.90%,3.26%,4.83%
LGND,3.90%,11.14%,35.17%
WB,-3.14%,-4.67%,-11.49%
WULF,12.37%,-1.73%,69.83%
IAS,5.44%,11.10%,-2.44%
CNXN,2.53%,7.00%,9.52%
SPT,-3.51%,-7.51%,-33.92%
PSNY,47.63%,40.20%,-22.94%
NMRA,-2.21%,4.41%,-10.21%
CLBK,2.59%,8.10%,4.06%
ENVX,-7.66%,-25.02%,-6.77%
VIAV,8.81%,13.03%,-0.11%
LILAK,-2.13%,-0.74%,20.80%
RNW,-1.30%,-3.70%,-9.12%
LILA,-1.73%,-0.44%,21.16%
UPBD,0.80%,2.52%,2.15%
GTX,2.89%,-1.82%,-5.11%
PTON,41.60%,37.20%,10.59%
DNUT,4.73%,2.93%,-12.53%
PAX,0.06%,-3.64%,-13.97%
EWTX,11.55%,5.03%,27.60%
SOUN,1.19%,5.08%,22.98%
ARVN,1.49%,-2.66%,-23.82%
IMCR,-3.54%,-3.78%,-33.76%
ARHS,-1.74%,-16.23%,-6.97%
ALHC,3.43%,5.60%,26.97%
FBNC,3.10%,12.64%,20.70%
SYBT,4.08%,9.38%,21.58%
ZLAB,10.89%,7.99%,-5.80%
HURN,1.73%,4.07%,8.28%
MRX,14.51%,20.79%,23.30%
NAVI,4.94%,6.89%,-1.30%
VICR,1.31%,5.72%,2.77%
SLNO,2.38%,7.47%,16.18%
NWBI,2.40%,7.71%,14.86%
HEES,2.85%,2.22%,-6.07%
CHCO,1.80%,3.92%,11.19%
SNDX,1.68%,-2.28%,-0.14%
DSGR,8.62%,15.10%,16.55%
WBTN,-15.25%,-27.03%,-27.03%
UCTT,-1.93%,-17.29%,-8.30%
GO,-0.57%,-7.15%,-23.42%
GLPG,16.40%,14.49%,-8.51%
FOXF,-6.82%,-14.58%,-25.41%
CLMT,33.04%,31.75%,27.63%
KROS,-2.84%,-2.95%,-9.80%
LKFN,4.97%,5.29%,7.02%
MYRG,-6.07%,-21.44%,-31.35%
RCKT,-4.05%,-10.80%,-22.44%
ANDE,1.25%,0.65%,-4.99%
RUM,-1.31%,-1.08%,-1.91%
HLIT,3.90%,13.24%,19.06%
BCRX,6.93%,15.29%,38.28%
VSEC,3.77%,2.23%,19.10%
CASH,3.74%,8.20%,23.07%
CDNA,15.48%,53.97%,142.81%
CLOV,33.21%,76.98%,184.10%
JBLU,-7.93%,-14.02%,-16.22%
STBA,2.37%,10.63%,27.50%
AVDX,-2.53%,-23.83%,-29.05%
AFYA,1.48%,2.40%,-4.79%
SEDG,2.59%,-5.47%,-56.21%
STAA,-13.12%,-20.90%,-14.21%
IART,-7.23%,-23.14%,-39.82%
TLRY,-6.99%,-3.50%,-8.21%
INDV,-0.46%,-3.89%,-24.22%
OSW,2.11%,0.71%,12.16%
IREN,-3.52%,-26.05%,13.25%
CHEF,6.80%,3.61%,17.71%
SKWD,4.99%,7.17%,13.66%
AVDL,-2.00%,0.13%,4.18%
BLBD,-0.61%,-4.24%,27.98%
STER,3.00%,5.38%,10.93%
OPEN,23.93%,16.02%,-11.93%
THRM,-0.59%,-0.09%,-0.85%
OLPX,8.71%,20.12%,14.96%
NVEE,-0.16%,0.71%,-2.47%
BUSE,3.64%,5.53%,12.60%
AMWD,-5.41%,0.95%,-1.06%
PLAB,3.53%,-2.85%,-11.19%
HOPE,2.89%,7.46%,13.41%
NRIX,11.54%,15.84%,77.04%
KURA,3.41%,-0.61%,10.03%
BLMN,-1.90%,-5.28%,-26.82%
BCYC,-2.66%,0.91%,7.48%
HROW,29.43%,61.53%,180.43%
DVAX,1.54%,1.37%,-8.80%
NTCT,6.72%,10.12%,2.09%
PRDO,-2.84%,-0.13%,14.10%
SRCE,3.15%,6.68%,15.90%
PZZA,7.12%,7.95%,-20.55%
BLTE,0.29%,0.80%,10.08%
ARDX,5.54%,5.38%,-9.71%
SAVA,5.80%,48.41%,32.16%
TCBK,4.13%,6.95%,17.63%
MNKD,1.50%,0.18%,23.01%
APOG,3.48%,5.02%,14.33%
IRON,8.40%,8.70%,-0.26%
NAMS,1.04%,-7.73%,-6.51%
CNTA,16.81%,31.24%,46.20%
SDGR,2.85%,0.28%,-19.94%
MRTN,-1.97%,-2.92%,-6.62%
OPRA,21.55%,19.40%,18.89%
INFN,3.26%,4.30%,17.66%
OCUL,8.27%,18.57%,44.19%
SASR,6.59%,13.46%,28.17%
COCO,0.17%,-3.89%,-0.07%
TWKS,4.06%,28.75%,24.33%
CENX,11.55%,-2.88%,13.54%
OCSL,1.95%,-4.20%,-11.98%
SONO,2.09%,-9.18%,-23.60%
WABC,1.51%,0.87%,2.65%
MTTR,4.88%,4.05%,38.93%
VITL,-1.07%,-15.87%,24.06%
DAWN,2.04%,-0.63%,-1.93%
INMD,-4.66%,-9.43%,-21.99%
MCRI,0.15%,4.33%,7.73%
IMKTA,-0.68%,0.92%,-4.34%
AHCO,6.12%,3.82%,16.22%
LBPH,0.93%,9.12%,69.57%
RDFN,38.71%,52.85%,55.18%
XRX,7.39%,-2.10%,-25.95%
ANGI,7.12%,18.98%,12.05%
DCBO,11.85%,16.78%,3.52%
NMFC,1.39%,0.75%,-1.52%
CSGS,3.21%,8.91%,-0.77%
VBTX,5.48%,8.24%,14.93%
UPWK,-3.34%,-8.31%,-21.50%
PLSE,6.73%,19.20%,71.86%
CIFR,-9.87%,-21.05%,-3.44%
ADEA,7.85%,8.01%,9.45%
WINA,-0.42%,-1.29%,-2.73%
WKME,-0.11%,-0.20%,30.80%
SANA,11.46%,4.73%,-12.61%
PLAY,-3.94%,-13.61%,-35.39%
SYRE,6.70%,3.41%,0.46%
MFIC,2.79%,-3.53%,-2.63%
QCRH,6.80%,15.72%,30.41%
MOMO,-3.76%,-0.10%,7.98%
REAX,8.97%,23.15%,83.30%
ESTA,10.92%,5.72%,11.95%
SAFT,4.84%,7.14%,7.99%
NEXT,-16.85%,-31.64%,-18.73%
MRVI,0.80%,8.86%,20.32%
COHU,0.28%,-12.93%,-16.74%
SPRY,17.83%,32.65%,70.82%
RBCAA,5.59%,9.69%,21.16%
CRCT,-3.31%,-1.66%,2.58%
XPEL,8.37%,17.27%,-3.08%
TNGX,16.89%,19.53%,23.96%
ATRC,12.83%,12.12%,-11.03%
DMLP,0.99%,-0.65%,-2.10%
PDFS,-0.23%,-8.37%,-4.64%
UDMY,4.98%,-0.85%,-26.79%
ACMR,-0.23%,-11.51%,-16.99%
HELE,-1.27%,-22.02%,-47.19%
TASK,-6.34%,-6.44%,4.41%
SCSC,-0.84%,3.00%,13.29%
ADV,1.44%,6.69%,3.06%
ANIP,3.95%,2.20%,4.44%
VIR,-5.51%,-9.15%,-13.94%
ECPG,2.73%,8.40%,7.63%
SGML,7.04%,-5.82%,-39.44%
GABC,4.28%,7.46%,19.64%
GIII,3.10%,0.28%,-8.84%
SCVL,4.26%,9.08%,30.90%
FSUN,1.29%,12.30%,24.58%
KALU,6.02%,-8.49%,-3.76%
SABR,-1.35%,0.22%,-7.05%
INVA,2.88%,9.05%,20.23%
COLL,4.77%,11.43%,13.25%
PRTA,1.75%,-0.74%,-19.80%
BLFS,5.01%,14.50%,39.66%
EVO,6.56%,-11.64%,-44.82%
TYRA,1.91%,10.39%,29.23%
LZ,7.38%,-4.60%,-35.01%
CSWC,1.00%,-2.91%,0.36%
TRNS,6.69%,1.32%,11.56%
IMTX,-5.15%,-8.72%,-2.06%
FORTY,2.12%,1.62%,9.96%
ARQT,14.35%,11.19%,41.09%
HUT,-7.46%,-22.15%,5.75%
ANAB,6.80%,18.33%,52.50%
TBLA,8.30%,5.47%,-11.81%
KARO,-0.06%,7.80%,30.23%
SSRM,7.57%,8.92%,-20.32%
OPK,11.09%,18.15%,29.72%
COGT,6.79%,10.51%,36.60%
CRAI,2.31%,-3.27%,18.30%
SGH,-1.38%,-10.81%,-2.94%
PEBO,3.06%,2.38%,5.04%
SILK,0.03%,1.04%,46.41%
ULH,2.51%,0.26%,15.16%
CALT,2.83%,3.81%,51.59%
AOSL,3.15%,-1.06%,36.03%
GYRE,7.17%,0.86%,-22.13%
BITF,-1.49%,-11.37%,-2.88%
PFBC,2.21%,2.69%,9.15%
TILE,7.19%,14.04%,27.92%
UNIT,6.36%,23.65%,-8.27%
XNCR,-1.12%,-8.19%,-16.55%
BELFA,,-8.19%,-16.55%
JBSS,-7.20%,-5.72%,-6.70%
MSEX,0.47%,6.06%,8.99%
AMPL,6.42%,5.93%,-14.97%
ELVN,-1.84%,-2.07%,24.55%
AVAH,18.34%,47.32%,98.53%
ATSG,7.95%,11.73%,13.25%
DGII,7.28%,16.06%,9.84%
MXL,-3.68%,-32.36%,-38.49%
GDYN,1.16%,13.65%,12.85%
AUTL,-1.75%,-1.84%,-20.05%
PNTG,11.81%,25.58%,70.54%
ERII,5.88%,19.35%,13.68%
PWP,8.54%,16.22%,41.03%
ARRY,-16.10%,-31.79%,-49.16%
ICHR,-0.04%,-12.95%,-14.76%
CGEM,7.95%,6.96%,13.95%
HIMX,-0.53%,-16.37%,-3.66%
ACDC,-0.46%,-6.67%,-13.25%
FWRG,5.67%,4.66%,-14.24%
OCFC,5.47%,6.11%,10.37%
BTDR,-7.39%,-24.26%,-4.43%
SBSI,3.41%,11.13%,14.90%
MDXG,0.41%,-4.18%,-11.82%
ASTL,8.42%,21.55%,22.56%
HDL,5.31%,-3.78%,-9.18%
HTZ,-1.82%,-5.05%,-46.43%
QNST,10.07%,13.88%,26.65%
CECO,1.35%,0.79%,21.22%
BHRB,6.22%,16.06%,21.77%
EOLS,14.03%,27.92%,30.88%
AMAL,7.23%,11.05%,26.59%
XMTR,23.88%,40.23%,-2.19%
TRS,2.90%,-1.98%,-2.96%
WTO,49.34%,105.14%,364.53%
ODP,-4.17%,-17.67%,-34.69%
PLYA,1.74%,-3.86%,-8.44%
JACK,-5.48%,-3.64%,-21.54%
DCOM,6.99%,12.50%,17.98%
GOGO,3.39%,-7.55%,-12.71%
TH,-0.44%,6.36%,-3.48%
FIP,-1.58%,0.30%,44.67%
CMCO,-1.14%,-3.84%,-13.39%
HTLD,-1.69%,-1.45%,-1.62%
TARS,7.83%,1.79%,-3.87%
CNOB,7.99%,16.12%,19.90%
PCT,-4.62%,-2.89%,16.76%
EH,17.01%,10.34%,-0.60%
AUPH,14.34%,17.93%,4.27%
PHVS,5.97%,3.58%,-15.58%
RLAY,0.25%,-3.29%,-13.80%
WGS,7.87%,13.22%,142.42%
VRDN,-2.67%,4.17%,-8.96%
NRDS,5.69%,-7.59%,-10.19%
FMBH,5.64%,12.23%,22.49%
KRNT,13.86%,23.63%,17.49%
COMM,34.63%,102.42%,138.10%
BFC,7.09%,8.63%,10.99%
AMSF,3.97%,6.97%,3.90%
ETNB,8.23%,8.61%,-4.13%
PGY,3.69%,2.45%,0.45%
BBSI,2.23%,5.10%,17.39%
GCT,-12.74%,-24.36%,-22.31%
PHAT,28.87%,35.77%,63.35%
SBGI,5.35%,4.54%,4.40%
IMNM,6.46%,10.02%,-2.57%
SDA,5.18%,11.43%,28.06%
RDWR,1.07%,12.38%,21.50%
CPLP,3.84%,1.86%,3.17%
BASE,2.89%,2.43%,-18.01%
HEPS,-6.56%,-2.87%,44.02%
BRKL,2.57%,7.06%,4.97%
CFB,3.12%,9.84%,28.63%
SHLS,-3.21%,-12.58%,-49.46%
GPRE,-5.57%,-10.21%,-31.85%
CBRL,-0.14%,-2.37%,-32.74%
CTBI,4.41%,7.79%,16.40%
PETQ,10.14%,25.67%,54.18%
PFC,3.94%,10.15%,17.63%
HA,19.33%,28.58%,36.18%
PRAA,-1.99%,2.76%,-1.52%
GDEN,5.39%,4.82%,-7.51%
PRAX,0.53%,8.30%,27.24%
SCHL,3.70%,-3.86%,-13.22%
CSIQ,-8.98%,-14.87%,-31.32%
CRON,-5.40%,-6.02%,-4.18%
FWRD,23.89%,38.88%,-7.57%
NN,-5.73%,-11.53%,12.20%
BELFB,1.23%,-0.91%,5.02%
HSTM,1.47%,1.15%,6.86%
INNV,2.82%,10.48%,20.75%
AMRK,2.64%,4.17%,13.48%
VMEO,9.48%,24.42%,27.15%
IMOS,0.75%,-6.45%,-13.48%
CGBD,0.06%,-4.71%,1.99%
GSM,-6.11%,-15.59%,-18.14%
PAHC,15.47%,17.24%,47.33%
BMBL,-5.40%,-22.69%,-42.50%
AMSC,-2.42%,-15.09%,31.70%
SLRC,1.75%,-1.12%,0.68%
DHC,12.34%,14.73%,29.48%
HUMA,-8.68%,-2.45%,45.34%
NYAX,0.19%,0.75%,-1.80%
DNTH,1.73%,4.27%,32.30%
UVSP,5.22%,11.18%,28.91%
EYE,-10.18%,-16.59%,-40.66%
CRGX,4.18%,2.89%,-14.62%
MNRO,-0.08%,7.85%,-4.43%
SHEN,-5.66%,-10.40%,-17.04%
CSTL,12.00%,29.78%,34.88%
DXPE,5.74%,8.62%,23.08%
PLRX,0.36%,6.61%,-8.66%
WOOF,6.36%,-7.83%,4.00%
RAPP,-1.84%,-9.20%,-9.29%
AVBP,20.18%,34.98%,42.47%
ZYME,10.32%,18.10%,17.98%
FCBC,4.61%,9.82%,22.40%
EMBC,0.97%,6.77%,0.90%
ATEC,-3.21%,-29.82%,-48.20%
STGW,10.86%,7.76%,15.07%
HCSG,1.45%,0.53%,0.20%
TCPC,-4.48%,-12.29%,-16.89%
NBBK,4.36%,11.38%,24.41%
IRWD,-6.26%,-17.62%,-45.38%
CFFN,3.37%,3.91%,5.95%
LAB,21.35%,13.31%,-5.10%
HFWA,1.71%,10.24%,15.87%
ALGT,1.75%,-8.28%,-31.67%
PUBM,-7.76%,-19.01%,-19.24%
MATW,-1.73%,-1.44%,-14.47%
KIDS,9.35%,4.16%,5.45%
EVER,0.25%,3.45%,32.35%
FDMT,1.21%,-17.70%,-29.23%
ERAS,-0.35%,2.00%,23.03%
ASTE,2.97%,5.69%,-4.35%
EXAI,11.64%,9.99%,3.90%
ULCC,3.45%,-13.44%,-35.86%
IGIC,9.66%,15.82%,33.99%
TTGT,-3.23%,-9.94%,-12.42%
ABCL,-5.20%,-9.84%,-37.91%
ABL,2.35%,8.32%,-0.66%
LQDA,-15.37%,-18.39%,-20.67%
HAYN,0.59%,1.39%,4.69%
TREE,22.49%,27.92%,60.33%
RPAY,-2.69%,-11.17%,-7.76%
HSII,0.38%,7.87%,18.96%
PTLO,15.53%,24.26%,0.32%
SLN,10.60%,1.23%,-2.45%
KRUS,12.08%,6.34%,-21.37%
BJRI,7.11%,-3.65%,-4.77%
WEST,-6.96%,-12.06%,-13.96%
TRIN,-1.29%,-1.73%,-3.26%
MCBS,5.68%,7.80%,20.97%
SWIM,22.27%,57.34%,90.43%
CRML,-8.86%,-14.69%,-17.76%
MESO,0.01%,-8.00%,38.07%
AVO,2.43%,3.13%,0.55%
MBWM,3.80%,5.76%,16.44%
SVC,-3.39%,-9.35%,-28.51%
CTKB,-0.32%,-3.50%,-17.64%
CVAC,-2.28%,-3.75%,-11.82%
MREO,16.60%,20.93%,48.46%
SRRK,0.35%,3.32%,-31.00%
MBUU,0.18%,0.02%,-14.42%
OSBC,4.49%,6.74%,13.68%
KELYA,-0.07%,-2.73%,-5.65%
SLP,-2.06%,-10.56%,-13.75%
LMB,8.95%,10.34%,35.54%
STOK,-3.19%,-2.36%,42.14%
ABVX,5.48%,-3.11%,-6.18%
KELYB,,-3.11%,-6.18%
MLAB,15.25%,30.47%,35.93%
ABUS,3.62%,9.43%,36.48%
DAKT,4.77%,10.53%,45.61%
INDI,-9.97%,-27.41%,-36.64%
ARKO,-1.12%,0.48%,-4.69%
STKL,7.44%,12.19%,8.47%
CLNE,6.54%,15.34%,8.01%
ATRO,6.86%,3.77%,15.25%
WLFC,11.36%,33.49%,87.75%
FLGT,-3.75%,3.63%,-3.35%
HCKT,0.01%,8.00%,11.87%
SVRA,0.90%,-0.44%,-4.00%
CRBP,1.98%,7.65%,74.74%
HBT,3.87%,4.85%,11.89%
IBCP,3.98%,13.10%,30.99%
ADPT,1.99%,14.12%,20.44%
SEZL,22.61%,39.86%,128.87%
WVE,-3.30%,-1.27%,4.24%
SPTN,4.60%,9.12%,3.18%
CCB,6.88%,9.60%,23.84%
TIPT,5.57%,11.07%,11.31%
FUFU,-2.73%,-7.86%,-36.54%
ATEX,-8.17%,-7.17%,2.29%
CRSR,3.09%,-20.91%,-40.62%
ROOT,-10.87%,-20.49%,14.61%
GSBC,3.46%,3.51%,9.10%
DDI,13.27%,15.18%,30.03%
ALMS,0.43%,1.45%,1.45%
ATXS,11.31%,15.51%,21.12%
SCWX,-1.30%,2.22%,10.98%
ORRF,6.06%,15.87%,29.34%
REPL,0.20%,4.73%,19.70%
RVNC,28.96%,66.79%,29.28%
SIBN,12.92%,14.69%,-0.72%
HBNC,5.79%,12.68%,22.91%
TVTX,2.40%,2.55%,15.54%
LQDT,1.25%,5.91%,17.41%
OLMA,-10.61%,-8.84%,-6.56%
CCAP,0.89%,-1.90%,5.15%
SWBI,-0.18%,0.20%,0.45%
SIGA,-1.36%,6.70%,34.30%
ORIC,3.98%,8.68%,1.54%
LPRO,2.42%,-0.61%,-11.59%
LEGH,0.27%,5.75%,12.89%
DJCO,10.97%,15.85%,34.29%
THRY,5.97%,5.06%,-5.94%
CDMO,-3.55%,12.34%,38.21%
EU,9.89%,-1.71%,-10.09%
APLD,13.48%,-8.04%,-0.64%
EGBN,8.20%,9.54%,-3.50%
APLT,3.71%,14.87%,39.03%
LXRX,-2.16%,-6.54%,-4.93%
FDUS,2.31%,2.17%,2.96%
OFIX,7.50%,15.05%,26.69%
NCMI,9.82%,27.70%,46.93%
TRST,2.28%,8.44%,17.15%
SMBC,7.46%,16.89%,25.28%
PCRX,-11.76%,-29.95%,-47.10%
EZPW,3.72%,10.59%,17.42%
BVS,20.37%,36.90%,75.61%
CELC,0.59%,-0.25%,5.20%
WRLD,7.96%,-1.53%,-5.88%
EVLV,21.72%,35.08%,7.50%
CHUY,0.21%,16.94%,14.22%
ITOS,6.98%,9.23%,34.73%
FSBC,5.62%,11.76%,22.03%
MNTK,-6.93%,-13.72%,-24.98%
TIGR,1.35%,-6.87%,-5.10%
GOOD,3.44%,4.69%,11.58%
ADSE,-2.72%,0.55%,25.63%
BIOX,-0.98%,-5.50%,-16.37%
CRESY,0.12%,-2.28%,-7.45%
ANNX,3.60%,8.75%,24.42%
IGMS,7.08%,13.34%,10.02%
SEAT,9.26%,-5.17%,-19.29%
HTBI,5.96%,10.96%,29.18%
METC,-2.32%,-7.77%,-23.54%
LENZ,-5.39%,3.67%,34.72%
BFST,5.86%,7.25%,9.73%
HTBK,2.59%,7.51%,13.97%
DMRC,-1.59%,-6.76%,-8.96%
YMAB,25.40%,25.80%,27.70%
METCB,,25.80%,27.70%
OSPN,2.64%,11.98%,34.26%
HAFC,3.33%,8.55%,16.29%
GLDD,13.69%,13.72%,23.12%
FLWS,-2.33%,-4.27%,-6.18%
PLPC,-0.88%,-2.72%,-5.65%
NYMT,4.55%,5.16%,-7.66%
RGNX,-6.75%,-6.10%,-28.60%
GHRS,3.35%,-1.23%,17.72%
URGN,-4.99%,-10.80%,-5.15%
ARCT,0.12%,-9.58%,-29.65%
BLDP,-4.27%,-15.70%,-36.33%
CNDT,11.87%,10.32%,13.13%
ZUMZ,9.37%,23.94%,50.54%
RBBN,7.88%,2.71%,13.18%
CASS,3.53%,3.58%,-2.09%
VINP,1.07%,0.22%,1.67%
ITRN,9.09%,13.35%,11.95%
CAC,4.15%,9.47%,15.49%
CEVA,12.33%,17.56%,12.65%
HAIN,16.20%,14.54%,-5.10%
TRDA,6.51%,6.25%,14.17%
IRMD,3.66%,3.69%,6.39%
KC,3.07%,-0.79%,-18.23%
TERN,8.42%,3.05%,23.87%
MLYS,9.10%,0.17%,6.28%
IMXI,-4.08%,-10.05%,-14.51%
CCBG,4.12%,10.48%,19.07%
FULC,-2.59%,10.53%,15.36%
LESL,-7.69%,-18.37%,-48.26%
FMNB,4.62%,10.19%,14.34%
LVRO,-2.44%,-5.58%,-21.74%
NBN,4.13%,7.88%,22.84%
PPTA,22.03%,34.27%,82.91%
DOYU,8.76%,41.32%,210.29%
NVTS,-2.12%,-18.23%,-40.28%
SRDX,-2.46%,-4.42%,13.05%
BTBT,8.71%,4.36%,23.69%
FRPH,3.08%,3.50%,0.79%
LASR,2.81%,0.31%,-6.59%
ECX,5.37%,3.59%,-15.56%
VNET,6.34%,-2.41%,-5.15%
SPFI,7.11%,13.72%,23.30%
SNDL,-8.10%,-5.49%,8.25%
HIFS,7.49%,20.61%,38.35%
LIND,34.94%,23.20%,26.15%
GCBC,-1.61%,-2.86%,7.83%
SSYS,0.33%,-6.83%,-27.98%
FNKO,10.34%,11.08%,37.40%
INOD,10.56%,15.26%,80.82%
PHAR,3.94%,0.35%,-20.59%
WLDN,7.11%,17.51%,46.13%
AXGN,21.19%,40.26%,59.44%
NEXN,12.29%,22.58%,46.35%
YORW,-1.36%,-0.40%,3.39%
OTLY,-0.75%,-4.74%,-12.90%
WASH,6.41%,10.13%,15.04%
ALLO,5.12%,3.40%,-16.73%
GRPN,8.26%,-5.74%,-0.39%
HONE,3.90%,8.50%,17.41%
RXT,2.48%,-6.70%,18.69%
KALV,-1.96%,-2.07%,5.08%
HSAI,-0.23%,-6.07%,-29.11%
ACIC,-1.62%,0.88%,4.29%
CGNT,1.81%,-0.42%,7.18%
CNSL,-0.54%,1.48%,4.12%
YXT,-16.86%,-16.86%,-16.86%
CLFD,-6.50%,-6.74%,12.33%
VALN,2.76%,3.89%,-10.69%
AVXL,-4.40%,10.10%,9.53%
SNCY,4.05%,-5.89%,-19.28%
DH,11.18%,-8.76%,-37.20%
THRD,4.76%,1.34%,13.65%
CGC,-15.87%,-18.09%,-13.09%
NFBK,2.54%,11.14%,15.93%
THFF,4.75%,8.96%,13.40%
KRT,-2.01%,-6.46%,-1.41%
MGIC,2.93%,1.50%,0.93%
PRTC,12.75%,2.22%,2.62%
NRC,-0.72%,-5.01%,-34.60%
AIOT,4.55%,6.00%,25.95%
UFCS,1.02%,-2.45%,-5.88%
CCRN,-4.68%,-0.84%,-17.40%
IIIV,-1.10%,-0.23%,4.95%
QTRX,4.03%,-0.43%,-32.65%
ALEC,0.40%,1.41%,-8.59%
CCNE,5.08%,10.02%,17.00%
CTNM,9.24%,2.66%,13.56%
ATLC,7.12%,9.79%,12.16%
PRME,-4.92%,-18.09%,-35.35%
SAGE,-6.93%,-21.15%,-51.48%
SHCR,0.40%,4.16%,36.04%
EOSE,21.55%,34.01%,98.43%
AROW,3.14%,6.33%,15.67%
SOHU,0.81%,5.07%,34.80%
ABSI,11.72%,18.06%,11.35%
PAL,-1.38%,5.69%,11.91%
VREX,-2.67%,-11.96%,-28.55%
CTLP,-1.55%,-0.70%,2.27%
OABI,0.74%,0.99%,-13.06%
DAVE,6.99%,5.92%,33.01%
LRMR,3.23%,-3.36%,12.98%
HPH,-27.91%,-61.23%,-70.11%
DGICA,3.84%,8.83%,7.92%
OCS,1.89%,2.12%,2.72%
RSVR,4.47%,3.05%,5.78%
MPB,7.07%,17.94%,31.68%
AILE,-39.24%,-57.77%,-65.30%
MRNO,-8.22%,-26.99%,-38.99%
LAZR,-7.45%,-26.55%,-49.18%
PGC,2.92%,9.31%,8.95%
GLAD,-0.26%,-2.06%,5.35%
ALT,4.67%,1.03%,-13.43%
MSBI,3.34%,-0.54%,-6.04%
EYPT,4.74%,2.32%,-44.04%
CMPS,12.75%,16.22%,-2.12%
MNMD,-11.74%,-16.64%,-5.11%
ZIMV,-2.87%,-5.31%,5.70%
GLRE,4.85%,5.49%,12.54%
DGICB,,5.49%,12.54%
NNDM,2.35%,-0.70%,-8.68%
LAND,-2.00%,-2.79%,-0.46%
SHYF,-0.09%,10.19%,17.71%
LE,9.15%,9.89%,44.60%
GDEV,0.63%,7.28%,18.92%
GCMG,1.52%,4.77%,16.23%
TROO,13.85%,40.67%,100.39%
ACTG,-1.40%,-6.59%,2.81%
ZJYL,-10.53%,-6.92%,-33.09%
BRY,-0.35%,-3.03%,-10.62%
BCAL,1.87%,5.07%,0.22%
ESQ,5.30%,13.82%,23.11%
GRAL,-8.32%,-7.59%,-7.11%
OFLX,-1.18%,-6.99%,-28.11%
SLRN,2.62%,-1.61%,-19.21%
QTTB,0.48%,30.60%,87.35%
SFIX,-2.48%,-10.14%,11.03%
LILM,-4.61%,-10.06%,-20.42%
BAND,2.64%,-2.24%,3.99%
GAIN,-2.77%,-6.33%,-8.32%
PFIS,3.87%,4.61%,10.03%
SHBI,5.90%,12.44%,18.09%
FFWM,7.07%,10.65%,-3.60%
MOFG,3.97%,12.37%,20.76%
VLGEA,9.40%,15.27%,18.36%
ZEUS,-4.98%,-9.27%,-30.02%
SKYT,10.31%,17.31%,6.79%
CCCC,5.38%,14.45%,8.64%
AMCX,2.13%,1.26%,-25.00%
MXCT,-0.69%,-1.67%,-4.98%
NIPG,-10.39%,-14.03%,-14.03%
BWMN,-6.82%,-18.41%,-23.09%
NGNE,-1.45%,-5.19%,13.63%
NWPX,9.83%,20.98%,37.38%
KE,-9.57%,-16.13%,-20.65%
NTGR,2.93%,5.00%,10.92%
HNST,11.53%,25.72%,38.85%
BIGC,-3.21%,-17.86%,-24.20%
OPT,20.82%,34.75%,5.66%
TSHA,-1.99%,-8.77%,-7.06%
EVGO,15.39%,31.58%,59.28%
LSEA,7.79%,17.18%,8.64%
ANSC,0.12%,0.48%,1.22%
GRVY,-7.09%,-15.65%,-12.01%
ALRS,3.65%,7.51%,6.89%
FHTX,23.02%,31.18%,39.76%
DHIL,3.92%,6.92%,3.66%
ADTN,-1.20%,-2.62%,-7.28%
HCAT,1.89%,3.25%,-9.35%
BYND,1.62%,-3.78%,-16.26%
CYRX,3.24%,8.10%,-33.60%
FATE,-8.94%,-8.60%,-21.23%
GTI,7.50%,-27.22%,-66.66%
MITK,-8.01%,-15.19%,-22.26%
LYTS,4.00%,4.12%,7.67%
CERS,5.13%,11.86%,19.08%
AEHR,0.45%,2.18%,-10.34%
SVCO,1.13%,-7.22%,-8.77%
KRNY,5.30%,7.62%,1.12%
CVGW,3.78%,3.33%,-8.25%
XERS,14.22%,21.06%,27.64%
CWCO,2.95%,4.68%,-4.67%
ALTI,2.28%,-7.67%,-26.53%
PACB,-9.23%,-8.72%,-65.86%
ISPR,0.42%,-1.01%,-15.49%
BSRR,5.21%,14.63%,36.95%
FFIC,4.90%,3.67%,3.65%
HIVE,8.20%,0.49%,1.30%
RDUS,2.83%,-1.15%,-25.50%
CCSI,13.87%,22.14%,23.94%
SENEB,,22.14%,23.94%
RMR,2.76%,4.67%,3.33%
SENEA,-0.47%,0.10%,7.89%
KRRO,20.06%,19.52%,-2.80%
MERC,-7.56%,-20.20%,-32.07%
VERV,2.35%,-5.13%,-42.17%
PERI,1.18%,0.78%,-53.67%
RICK,2.84%,4.49%,-12.18%
ITIC,6.31%,14.77%,33.16%
SDST,-20.45%,-24.69%,-21.15%
CRMT,2.89%,1.03%,-2.13%
RWAY,-0.97%,-5.23%,-11.52%
NNOX,-9.14%,-11.64%,-16.12%
STRO,22.48%,30.26%,22.05%
LMNR,17.40%,18.59%,28.44%
RBB,3.08%,9.67%,23.05%
APPS,21.40%,57.10%,5.56%
PTSI,-0.85%,-1.72%,-2.76%
LOCO,8.83%,16.49%,38.93%
CLMB,16.06%,33.72%,51.89%
AQST,19.47%,43.34%,49.23%
NVEC,2.74%,6.53%,6.35%
NETD,0.02%,0.38%,1.53%
TRML,12.19%,12.89%,-24.97%
IPX,6.99%,7.81%,20.73%
WALD,1.34%,-12.26%,-53.92%
ELYM,-8.29%,-15.36%,26.24%
VALU,-1.10%,-3.13%,-0.29%
FISI,4.68%,16.24%,29.81%
SERV,-25.66%,23.75%,65.46%
LYEL,1.06%,-9.34%,-28.96%
TMCI,-3.22%,-9.53%,-36.93%
HRZN,-2.30%,-6.43%,-9.05%
LXEO,-8.95%,-18.52%,-22.18%
ATNI,0.65%,9.95%,-9.30%
LINC,0.07%,0.39%,15.66%
AAOI,10.18%,4.07%,-31.35%
CARE,5.64%,9.82%,22.96%
TBPH,-1.64%,-5.82%,-10.76%
PRTH,17.34%,14.82%,51.96%
RDVT,8.60%,12.98%,38.27%
PKOH,5.37%,10.82%,18.03%
USAP,10.34%,28.52%,67.53%
FRBA,4.18%,11.09%,15.88%
GLUE,41.68%,55.92%,34.23%
ORGO,9.17%,6.33%,-1.89%
CWBC,4.61%,6.17%,7.97%
AIRJ,-33.60%,-42.80%,-49.33%
TWFG,7.89%,10.84%,10.84%
DCGO,6.39%,12.37%,-4.80%
MODV,16.96%,13.16%,-10.88%
NKLA,-8.64%,-20.89%,-61.77%
HDSN,2.48%,-2.82%,-25.11%
ANIK,-3.00%,-5.05%,1.08%
ZVRA,3.06%,20.69%,31.21%
GTHX,15.00%,67.51%,97.13%
AURA,-9.12%,-7.09%,-4.94%
JOUT,-3.85%,-2.14%,-16.60%
BWB,3.67%,7.98%,13.99%
NKTX,-1.10%,-8.25%,-24.65%
OCGN,3.30%,-9.58%,18.82%
LOVE,-1.29%,-3.45%,-0.08%
NRIM,4.73%,8.26%,24.88%
FBIZ,5.32%,12.49%,22.56%
EBTC,8.83%,15.40%,13.66%
RRBI,3.18%,5.08%,5.73%
VYGR,-9.36%,-16.39%,-18.51%
SLDB,7.67%,16.49%,14.19%
GAMB,5.71%,13.42%,10.57%
AMSWA,8.38%,15.73%,7.42%
FMAO,6.99%,11.27%,22.00%
BSVN,1.64%,10.18%,33.70%
CCIX,-0.04%,-0.03%,-0.03%
BDTX,13.39%,15.89%,40.43%
ACNB,4.08%,8.83%,8.97%
ARTNA,-3.82%,-4.47%,-5.53%
ONEW,3.10%,-6.72%,-9.31%
GPAT,-0.08%,0.01%,0.01%
ALF,-0.21%,-0.21%,-0.21%
GGR,-9.85%,-16.97%,-34.57%
ACB,-3.44%,5.63%,17.88%
HBCP,5.81%,6.88%,13.04%
ACCD,8.49%,2.32%,-47.83%
IMMP,12.64%,10.44%,1.86%
ALNT,-7.91%,-15.50%,-25.52%
FORR,2.10%,5.46%,-9.60%
BBCP,4.14%,3.12%,-10.71%
CBNK,4.08%,11.12%,17.27%
KYTX,8.70%,-1.59%,-51.05%
LWLG,1.07%,-8.95%,-27.65%
AVNW,-2.80%,-4.76%,-14.08%
ESPR,-12.55%,-23.58%,-22.69%
CMPO,17.74%,40.82%,86.52%
MCFT,1.15%,3.23%,-3.22%
WTBA,3.87%,4.95%,7.67%
FSBW,6.36%,14.29%,27.84%
TMC,1.42%,-15.36%,-22.24%
ICG,-4.94%,-18.79%,-32.83%
LNZA,7.96%,-6.47%,-48.09%
CDRO,-1.41%,-1.22%,28.86%
RGP,-2.93%,-4.46%,-17.12%
SGHT,7.98%,1.19%,30.55%
FARO,8.70%,4.64%,-11.02%
TCBX,12.39%,14.69%,26.56%
INZY,11.55%,11.01%,12.06%
PSNL,28.72%,98.52%,214.75%
UNTY,3.23%,8.10%,17.81%
OBT,5.44%,9.43%,17.97%
PGEN,-5.74%,-20.57%,-17.28%
IPXX,0.06%,0.48%,2.07%
ILPT,5.53%,16.97%,26.60%
NEWT,-0.80%,-3.53%,-0.11%
JFIN,-1.78%,-6.99%,-8.67%
BMRC,7.77%,12.03%,14.64%
OSUR,1.97%,2.30%,-26.90%
ALDX,17.80%,34.15%,49.44%
XOMA,12.08%,12.83%,28.35%
AUDC,0.74%,1.27%,-5.49%
LUNR,17.88%,21.94%,12.11%
AVIR,5.84%,7.75%,5.86%
CLPT,37.15%,68.71%,91.57%
AIP,9.96%,5.82%,19.69%
WEYS,4.17%,7.68%,11.25%
NEGG,-1.04%,-8.31%,-13.20%
NAUT,10.09%,7.32%,-2.91%
MTLS,-0.32%,4.19%,0.09%
HEAR,3.52%,1.60%,10.12%
ESEA,8.54%,15.92%,27.60%
MGTX,-6.83%,-7.42%,-23.81%
VBNK,10.99%,15.08%,25.89%
AKBA,13.07%,23.76%,14.27%
KMDA,2.81%,2.90%,2.09%
DENN,0.59%,-6.12%,-26.50%
SNBR,17.86%,35.10%,16.61%
NATH,2.76%,5.29%,7.98%
TITN,-6.90%,-10.99%,-37.33%
NODK,0.64%,-1.52%,4.27%
VNDA,-0.05%,-5.94%,15.12%
EDIT,-11.20%,-20.49%,-46.07%
UXIN,-1.32%,-10.98%,-55.79%
MAMA,3.11%,8.43%,42.90%
CRMD,34.42%,35.90%,46.67%
PEPG,-1.99%,-32.48%,-19.16%
INBK,3.09%,9.93%,19.72%
PANL,2.52%,-5.26%,-10.23%
MBAV,,-5.26%,-10.23%
TCMD,2.44%,6.93%,-4.13%
REFI,2.92%,1.99%,1.31%
GMGI,0.02%,-6.29%,-22.09%
PMTS,4.50%,1.97%,31.91%
DADA,-10.84%,-15.27%,-45.37%
ADAP,10.37%,11.00%,19.18%
ANGO,-1.99%,8.73%,15.21%
CZNC,4.53%,6.34%,4.58%
DOMO,0.41%,2.50%,-10.41%
FNLC,5.44%,5.92%,8.80%
VACH,,5.92%,8.80%
NNE,12.48%,-33.13%,-14.13%
IMMR,-16.10%,-18.16%,6.72%
CUB,0.03%,0.03%,0.03%
ACIU,-11.53%,-16.71%,-12.40%
SPOK,0.71%,-0.77%,-4.17%
SMTI,9.66%,13.08%,0.70%
ALIM,0.25%,5.04%,38.51%
UHG,4.55%,3.38%,-7.83%
ITI,18.24%,39.34%,47.20%
SBT,2.28%,5.62%,8.46%
FRST,3.30%,7.24%,7.14%
AFRI,-0.37%,0.72%,2.91%
QURE,-13.28%,-8.19%,2.17%
PROK,0.36%,-4.40%,7.40%
EWCZ,-6.02%,-23.95%,-45.17%
TCRX,-8.91%,-14.16%,-16.80%
TALK,-0.56%,-12.33%,-29.80%
INGN,15.60%,34.63%,69.92%
HMST,2.38%,14.62%,27.51%
GWRS,2.04%,0.95%,-0.08%
SIMA,,0.95%,-0.08%
CABA,3.92%,-15.97%,-61.70%
HRTX,-12.67%,-31.29%,-23.25%
VIRC,1.79%,5.93%,39.03%
PRLD,-1.26%,11.11%,31.46%
IBEX,5.61%,5.56%,6.46%
REAL,-5.63%,-14.50%,-8.20%
LSAK,2.41%,1.50%,17.50%
LUNG,17.76%,12.99%,-19.59%
RNAC,-1.39%,-20.19%,-36.26%
QRTEB,,-20.19%,-36.26%
JSPR,13.48%,0.96%,12.93%
ACRV,15.36%,23.49%,44.93%
LX,3.55%,3.75%,-1.71%
FLIC,3.28%,10.73%,11.74%
VMD,3.97%,7.00%,-5.01%
FDBC,6.56%,4.86%,1.36%
BETR,-20.45%,-27.26%,-30.59%
NWTN,7.27%,-9.44%,-79.65%
USCB,0.63%,6.95%,22.02%
CAN,11.26%,1.19%,-25.70%
LWAY,26.79%,41.86%,28.82%
ENGN,-5.37%,-19.15%,-39.62%
MVBF,0.46%,1.79%,1.58%
SSBK,4.57%,8.81%,17.90%
BLZE,2.93%,2.44%,-18.77%
JRVR,-5.00%,-6.33%,-16.08%
PBFS,1.80%,2.71%,12.58%
UROY,6.33%,0.63%,-11.87%
NYXH,0.05%,-1.07%,-9.38%
PFMT,-2.04%,9.77%,17.93%
LPAA,,9.77%,17.93%
AEYE,6.74%,13.66%,88.66%
APEI,4.35%,-4.27%,21.16%
PSTX,-7.63%,-8.43%,-6.96%
ENTA,-0.01%,-4.04%,2.22%
WSBF,3.48%,7.12%,15.40%
DSGN,5.89%,17.56%,47.04%
JMSB,2.66%,6.58%,5.04%
ASLE,-9.07%,-20.28%,-43.13%
SLDP,-3.41%,-14.87%,-9.89%
BMEA,30.41%,44.18%,-32.76%
WHF,0.40%,-2.99%,-6.22%
PCB,2.94%,9.36%,14.14%
MTRX,3.00%,0.24%,-9.58%
TTSH,-2.82%,-9.45%,-9.62%
CRVS,13.32%,53.74%,96.21%
SCPH,6.73%,12.04%,2.06%
NECB,4.40%,12.65%,30.38%
TECX,11.13%,12.60%,16.97%
CDXC,14.19%,20.70%,41.84%
CIVB,2.30%,4.33%,6.07%
TKNO,8.26%,65.75%,72.89%
CRNT,6.23%,12.60%,16.14%
CZFS,10.99%,13.44%,7.71%
BDSX,9.24%,11.35%,16.93%
COFS,9.52%,9.50%,12.75%
SFST,-0.72%,1.52%,0.67%
PAYS,3.13%,7.63%,32.31%
CBAN,5.69%,11.71%,23.88%
QRTEA,-4.54%,-9.31%,-29.35%
SLAM,-0.09%,0.10%,1.64%
GILT,-0.48%,-1.34%,-18.74%
ZYXI,2.42%,-7.48%,-22.54%
AIRS,8.24%,6.81%,-18.35%
AMRN,-3.95%,-12.00%,-29.49%
TRUE,-1.48%,-6.55%,-6.32%
RITR,16.20%,16.20%,16.20%
JAKK,8.66%,19.88%,-5.13%
OB,5.36%,6.28%,19.06%
IHRT,3.90%,16.65%,-19.32%
BCML,3.38%,6.09%,9.42%
ARQ,8.84%,10.33%,34.13%
HNRG,3.60%,-10.21%,-16.65%
HPAI,-5.70%,-33.33%,-40.35%
NATR,-3.65%,-8.94%,-20.27%
BYRN,9.91%,9.87%,11.07%
DOGZ,40.79%,44.06%,171.69%
PDLB,10.50%,16.15%,23.63%
OBIO,-0.14%,-11.22%,-4.93%
EGHT,-9.90%,-17.58%,-30.57%
NBTX,2.30%,0.17%,-17.14%
SVII,-0.03%,0.18%,1.92%
TOYO,18.61%,18.91%,-43.69%
NKTR,1.32%,-1.09%,24.60%
PKBK,9.35%,15.87%,18.07%
SERA,-0.80%,4.65%,0.56%
PCYO,4.20%,5.62%,6.56%
SOPH,-2.95%,-15.68%,-21.24%
TSBK,6.08%,9.28%,11.30%
RENE,0.33%,0.75%,2.98%
OMER,-5.73%,-6.34%,13.90%
TSVT,1.96%,6.15%,7.91%
HLXB,-0.42%,0.17%,-0.03%
RCEL,2.10%,2.77%,-23.39%
TCX,-2.17%,2.18%,4.63%
TLS,-4.96%,-14.17%,-17.96%
BLDE,4.13%,-3.52%,-3.08%
LNKB,-1.13%,-2.09%,-5.27%
PBPB,4.86%,4.26%,-21.79%
BPRN,1.05%,5.08%,12.04%
IRBT,-13.91%,-19.96%,-53.29%
INSE,4.01%,-0.38%,-2.17%
ABEO,13.62%,15.86%,4.51%
BOOM,-0.25%,-10.36%,-23.90%
UTMD,0.76%,-0.22%,-6.89%
RZLT,10.11%,10.67%,87.70%
RCAT,22.89%,63.07%,175.12%
RCKY,8.24%,-3.51%,5.83%
LFMD,-13.31%,-22.93%,-36.62%
SGC,-6.05%,-20.91%,-12.27%
PLBC,3.63%,6.62%,10.03%
ARTV,-3.25%,-5.19%,-5.19%
ASUR,1.25%,0.34%,4.86%
NPCE,8.40%,7.88%,-26.07%
EPIX,5.10%,2.50%,-22.50%
PNRG,11.78%,16.18%,25.88%
CLLS,10.22%,14.32%,-9.51%
PROC,-3.21%,-13.40%,-30.33%
CDZI,3.79%,2.58%,15.21%
FVCB,6.41%,6.86%,1.07%
BLFY,3.73%,8.19%,14.74%
ZNTL,-8.25%,-23.86%,-71.44%
EGAN,3.37%,8.57%,7.62%
ARAY,25.84%,27.04%,2.90%
ORGN,29.23%,43.40%,75.11%
VSTA,-22.82%,-25.18%,-39.65%
ZURA,19.66%,18.79%,9.26%
TNYA,-5.64%,-13.16%,-27.60%
DCTH,32.30%,30.79%,92.17%
GAUZ,5.43%,2.51%,-1.99%
FCEL,-9.71%,-26.01%,-58.15%
CHMG,3.01%,2.26%,4.44%
SHIP,9.32%,11.05%,27.83%
ALCO,2.94%,7.99%,4.58%
MBCN,10.90%,13.76%,7.61%
PROF,-5.44%,-4.20%,2.98%
BWFG,5.88%,10.02%,8.46%
ATAI,-3.18%,-7.29%,-21.25%
RIGL,16.99%,30.08%,14.86%
LCNB,6.13%,7.62%,4.00%
MGNX,-5.08%,-18.91%,-65.77%
GNFT,-4.62%,-4.59%,2.79%
PYXS,4.56%,7.98%,2.58%
STRS,-1.55%,-5.59%,-1.77%
TRVI,2.60%,3.38%,23.81%
NWFL,0.94%,1.24%,-1.73%
SWKH,1.57%,2.27%,2.18%
GASS,-1.41%,-11.30%,-11.35%
CDXS,-2.66%,-4.79%,-1.32%
TTEC,-1.26%,-15.02%,-57.66%
BCBP,4.57%,8.51%,10.29%
OVLY,2.82%,4.90%,4.91%
VXRT,23.33%,28.48%,5.06%
MACI,-0.17%,-0.16%,-0.16%
FLXS,11.70%,17.71%,33.12%
RGCO,1.58%,0.39%,4.05%
EXFY,13.39%,25.00%,22.61%
SKIN,22.20%,4.48%,-34.10%
IONR,12.99%,4.82%,-7.12%
BLNK,-15.45%,-27.79%,-31.46%
AFCG,6.65%,13.19%,22.97%
SNFCA,7.34%,11.96%,15.12%
POET,9.51%,12.73%,78.32%
OGI,4.72%,10.15%,5.66%
VABK,3.91%,8.27%,16.13%
KVAC,0.06%,0.58%,2.40%
FSTR,-0.39%,-8.98%,-16.79%
IVCB,0.14%,0.41%,2.88%
SEVN,5.06%,6.12%,9.21%
GOSS,5.57%,-2.20%,-0.70%
MOLN,6.11%,2.05%,42.86%
SMLR,-0.74%,-10.49%,-18.56%
FFNW,3.17%,3.92%,16.81%
GPRO,-2.44%,-9.95%,-43.66%
NVX,-4.49%,-10.73%,-21.47%
MVIS,-1.38%,-11.05%,-47.92%
GHIX,-0.31%,-0.17%,0.93%
SSTI,0.85%,8.52%,-15.18%
XBIT,-1.04%,5.09%,5.18%
MDWD,11.12%,12.75%,36.06%
CDLX,-23.24%,-44.50%,-55.85%
CRBU,3.87%,7.55%,-49.75%
MYPS,-8.19%,-19.46%,-32.10%
NNBR,9.90%,14.62%,6.10%
GLSI,-1.57%,-8.74%,4.64%
ESCA,1.23%,-0.06%,-12.15%
INO,-12.04%,-18.21%,-14.42%
NKSH,4.26%,2.18%,-0.62%
API,-8.07%,-10.79%,-19.59%
EML,4.76%,8.64%,15.41%
INBX,11.86%,5.63%,1.21%
CFFI,4.05%,11.82%,10.19%
MRSN,3.04%,-14.61%,-44.33%
KLTR,6.22%,6.19%,-9.26%
AGBA,0.76%,-10.22%,54.36%
MHLD,1.26%,-4.83%,-5.17%
EM,-6.15%,-16.74%,-3.86%
OPBK,2.09%,12.87%,22.64%
CVRX,14.88%,1.00%,-41.82%
GEVO,42.41%,48.87%,13.85%
SMID,6.52%,8.98%,-6.11%
DIBS,11.98%,7.96%,-3.03%
IPHA,-2.57%,0.12%,-12.86%
RILY,-50.51%,-62.58%,-72.75%
WNEB,9.40%,16.16%,14.89%
OXSQ,-1.29%,-1.17%,-2.87%
TPIC,8.89%,1.46%,22.75%
HFFG,3.03%,5.12%,-12.90%
SSP,-21.10%,-27.97%,-56.93%
CNTX,4.08%,13.29%,65.82%
IVCA,-0.95%,0.24%,3.69%
HQI,4.76%,5.75%,1.80%
FTEL,7.16%,-23.05%,69.44%
ULBI,0.15%,-0.76%,13.49%
FUNC,3.56%,17.82%,28.59%
TUSK,0.25%,7.71%,1.22%
POWW,-4.12%,-9.95%,-31.26%
LFCR,-16.55%,-12.13%,-25.58%
BTMD,-5.15%,-14.87%,4.06%
RGTI,2.63%,-6.61%,-23.48%
TWIN,0.20%,0.08%,-13.11%
SANG,6.34%,6.80%,32.40%
BTOC,-2.09%,-3.60%,-4.20%
CGEN,11.33%,11.59%,6.18%
LAKE,0.77%,2.33%,27.01%
BYU,130.57%,197.40%,200.95%
CADL,7.62%,-1.19%,40.86%
STHO,5.31%,8.25%,7.19%
SKYE,19.17%,-2.34%,-19.25%
DSP,5.60%,5.57%,23.57%
ISTR,7.97%,11.14%,18.40%
HOND,,11.14%,18.40%
CPSS,-3.89%,-10.84%,-6.54%
ATOS,4.85%,6.84%,13.91%
SGMO,-6.25%,32.06%,36.47%
PVBC,-0.85%,-3.55%,2.92%
OTLK,0.89%,-2.76%,-7.96%
PLL,-2.61%,-14.62%,-46.94%
MFIN,0.42%,0.16%,-7.07%
ESSA,0.23%,-0.86%,-0.17%
GBIO,0.53%,-3.30%,3.33%
MYFW,5.13%,1.82%,6.62%
CLAR,-8.51%,-23.55%,-29.01%
FLL,-2.52%,-2.38%,-1.86%
VRA,-6.12%,-7.73%,-18.50%
HCVI,0.14%,0.53%,1.86%
QRHC,9.33%,5.18%,11.12%
PESI,-1.80%,4.35%,11.96%
TBRG,2.93%,8.57%,19.59%
ABOS,-1.13%,2.64%,-12.37%
AHG,1.81%,2.25%,-7.73%
PRQR,-0.78%,8.00%,2.19%
CMPX,13.71%,19.69%,-15.29%
RELL,3.02%,1.69%,9.18%
PTMN,-2.83%,-4.00%,-1.14%
JYNT,-6.57%,-14.23%,-5.27%
DXLG,-10.71%,-18.18%,-25.67%
SPKL,0.15%,0.61%,1.59%
SKGR,0.27%,0.58%,1.94%
ASPI,13.08%,-9.62%,-15.36%
CBUS,-9.37%,-17.93%,-50.68%
DMAC,10.77%,21.74%,35.65%
BRKH,0.20%,0.39%,3.33%
MRCC,2.58%,2.83%,5.96%
CSTE,-0.63%,-5.09%,3.28%
FINW,4.12%,12.24%,13.53%
RMNI,-4.60%,-28.69%,-37.46%
RMBL,20.19%,13.42%,-19.83%
DSY,149.53%,164.55%,-44.47%
STTK,4.44%,-9.48%,-47.89%
ATLX,12.49%,4.32%,-36.42%
FCCO,2.80%,10.51%,19.14%
ESOA,23.69%,34.78%,49.82%
LCUT,-2.61%,-9.15%,-15.26%
III,3.12%,4.84%,-11.77%
PWOD,0.42%,3.38%,9.51%
BAER,-9.26%,-13.85%,-38.83%
BRLS,-18.03%,-19.54%,-19.27%
LVO,10.78%,14.82%,15.57%
HOFT,7.06%,8.68%,-19.52%
MCAA,-0.00%,0.26%,2.74%
TLSI,-6.06%,-4.74%,-29.22%
ME,-9.72%,-20.57%,-44.91%
ATLO,-4.36%,-8.99%,-9.16%
BVFL,0.98%,7.97%,15.46%
ALCY,0.14%,0.61%,2.42%
ARBE,-3.62%,-4.78%,1.12%
SCLX,-15.34%,-30.68%,-21.94%
CHRS,0.85%,-7.89%,-32.68%
FSFG,3.55%,17.25%,35.60%
INSG,26.93%,29.34%,163.06%
MDIA,-14.07%,-2.69%,112.05%
VTYX,7.27%,-6.77%,-38.48%
SHMD,-5.06%,-10.17%,-52.94%
KNDI,0.43%,-4.70%,-23.56%
TAYD,11.46%,16.02%,37.43%
IBAC,-0.14%,0.07%,0.15%
OPRX,-7.64%,-15.63%,-29.76%
TATT,10.04%,9.97%,27.57%
MOND,-19.31%,-23.62%,-25.99%
EUDA,10.48%,22.52%,113.58%
FLD,-0.33%,0.53%,2.89%
DLHC,4.80%,1.56%,-15.99%
STRT,18.06%,36.64%,51.52%
FENC,-2.68%,-7.70%,-33.78%
HWBK,4.67%,8.08%,5.25%
TELO,20.02%,20.67%,-11.98%
HITI,0.53%,-5.75%,-2.39%
ACHV,0.67%,-2.59%,-1.65%
ESHA,0.19%,0.84%,2.72%
ACTU,-5.62%,-5.62%,-5.62%
PEBK,-0.94%,-1.72%,1.76%
DRTS,3.88%,2.34%,-18.05%
SAMG,2.86%,1.86%,1.14%
PROP,-2.23%,-9.20%,-17.33%
RFAI,0.11%,0.21%,0.21%
ADVM,3.84%,-1.12%,-31.54%
RTC,-24.93%,-4.28%,-17.30%
AMLX,3.01%,8.34%,-71.58%
IPSC,1.82%,-19.07%,-39.89%
RDCM,5.08%,6.50%,9.38%
BFIN,1.67%,8.12%,15.79%
FTLF,7.02%,4.55%,28.35%
CRNC,11.77%,8.57%,-71.10%
KOD,0.00%,-1.87%,-26.22%
EDAP,-34.75%,-40.39%,-51.22%
SOWG,-16.61%,-26.80%,5.73%
KEQU,8.60%,15.06%,57.48%
CAPR,18.00%,7.76%,0.82%
ALAR,-37.15%,-52.61%,-32.31%
TZOO,10.91%,31.61%,33.90%
RCMT,8.36%,8.19%,-11.49%
SCWO,-2.78%,-6.98%,-15.61%
PGHL,9.67%,15.08%,15.08%
BCSA,-0.02%,0.06%,1.71%
MMLP,-2.90%,1.93%,27.52%
GUTS,34.98%,-6.60%,-43.17%
LOGC,0.57%,-3.48%,-1.50%
GALT,16.59%,12.67%,12.31%
BANX,3.96%,6.05%,10.07%
QSI,3.93%,-5.07%,-36.44%
ATYR,-0.48%,5.52%,12.21%
NIU,1.76%,-1.31%,-5.60%
ISRL,0.33%,0.88%,3.18%
MASS,-9.72%,-18.74%,-37.75%
TRVG,-4.06%,-4.91%,-17.99%
DTI,-8.42%,-19.95%,-4.24%
UBFO,1.91%,4.66%,4.25%
TSAT,23.08%,27.24%,17.71%
OPTN,6.94%,-1.09%,-16.34%
VIGL,-1.82%,-10.92%,-1.62%
CZWI,5.08%,10.06%,15.52%
CRDL,-4.37%,-6.25%,17.12%
VOXR,-1.40%,1.12%,24.01%
LTRX,-2.37%,-3.39%,-18.46%
SMXT,-17.61%,-22.20%,-58.17%
CFBK,-2.16%,3.97%,9.97%
INMB,-2.98%,-10.59%,-29.80%
ELUT,16.49%,4.49%,25.57%
MAMO,-9.65%,-14.63%,-16.55%
AFBI,0.44%,0.77%,21.69%
BZUN,-0.48%,-5.43%,-10.79%
GRWG,-4.98%,-11.10%,-16.98%
CSPI,-4.26%,-6.17%,-5.12%
BIRD,12.61%,21.72%,-3.64%
CRVO,15.84%,4.46%,6.92%
PRCH,-3.57%,-15.24%,-43.88%
BWAY,9.35%,18.02%,31.69%
CXDO,8.86%,27.59%,15.93%
WILC,5.26%,7.92%,6.58%
QUIK,-6.19%,-15.91%,-31.45%
SNCR,20.87%,36.56%,73.17%
CTOR,-83.06%,-83.56%,-83.17%
MPAA,8.59%,9.07%,-9.73%
PRPL,11.30%,12.21%,3.40%
SUUN,-9.97%,-20.69%,-21.13%
CBFV,8.18%,13.44%,17.34%
IVA,7.35%,-3.62%,-30.47%
LGO,6.20%,4.35%,4.05%
FRAF,-2.02%,2.23%,3.26%
BLUE,-29.39%,-36.41%,-57.04%
NVCT,4.57%,5.07%,-7.69%
FBYD,-3.41%,-4.53%,-6.21%
CTRN,-7.62%,-18.28%,-36.73%
MCRB,-16.06%,-15.84%,-17.42%
ALLT,6.21%,17.26%,55.47%
IMUX,1.70%,7.83%,9.84%
ADAG,18.56%,12.59%,15.69%
GATE,2.08%,4.40%,7.58%
FEIM,12.74%,34.83%,48.55%
HBIO,1.65%,0.42%,-23.11%
GEOS,9.44%,8.93%,-14.26%
FNGR,18.79%,8.85%,-19.47%
FGBI,-2.04%,4.37%,-3.32%
EHTH,-7.41%,-11.06%,-32.20%
GNSS,12.92%,21.77%,48.15%
CEP,0.02%,0.02%,0.02%
RPTX,-3.15%,-11.07%,-36.50%
AKYA,8.37%,7.55%,-35.73%
ATHA,4.95%,10.01%,23.73%
AXTI,-3.59%,-18.13%,-16.41%
MRBK,6.16%,6.80%,6.94%
VERU,-0.02%,-3.67%,-3.04%
XFOR,0.67%,-6.09%,-22.72%
NTIC,3.09%,-6.94%,-6.13%
ALXO,-12.63%,-51.00%,-77.45%
VERI,1.17%,4.98%,5.87%
KLXE,13.85%,28.82%,-2.26%
YIBO,-23.06%,-9.70%,-11.70%
AGEN,5.17%,-43.06%,-54.17%
MRAM,1.41%,-5.05%,-24.23%
HNVR,-0.95%,1.06%,1.37%
RMBI,2.37%,4.96%,8.94%
AMTX,-8.13%,-19.11%,-35.70%
PBYI,-21.24%,-23.03%,-42.35%
QIPT,-10.80%,-11.76%,-28.75%
TLSA,3.74%,24.49%,76.47%
MNSB,-0.40%,-2.63%,-11.47%
REKR,-14.86%,-21.80%,-43.95%
STKS,-2.03%,-10.74%,-18.87%
PDSB,-3.55%,-6.54%,-26.51%
ECBK,1.98%,5.29%,9.05%
BRAG,-2.99%,-9.63%,-10.20%
LPSN,0.04%,27.94%,-23.10%
ACET,-1.74%,3.51%,-23.07%
RDZN,51.96%,21.45%,-45.30%
OPI,3.46%,3.76%,-27.01%
ASRT,-0.96%,-9.35%,12.99%
LGCL,-5.07%,-20.31%,-35.51%
PLMI,-3.36%,-4.01%,-7.00%
ISSC,4.30%,11.95%,-2.33%
SFBC,7.85%,13.79%,23.89%
IVVD,-11.69%,-20.62%,-64.05%
MGX,-4.98%,-20.21%,-55.79%
VRCA,-43.78%,-61.06%,-59.68%
KOPN,5.34%,5.59%,-33.67%
VIOT,50.29%,80.17%,122.84%
ZBAO,8.30%,8.15%,8.21%
BSLK,-74.78%,-78.88%,-79.76%
CSLR,24.07%,29.26%,61.25%
VFF,-3.57%,-3.09%,2.13%
CVGI,-8.00%,-21.67%,-38.17%
HAO,-3.11%,-23.04%,-40.84%
EPSN,2.08%,0.58%,3.29%
PLAO,-0.22%,0.35%,3.01%
DLTH,-1.92%,-8.36%,-25.99%
FNWD,-1.16%,4.66%,13.74%
ETON,16.75%,25.65%,16.34%
AOUT,5.28%,6.39%,10.21%
INVZ,-10.26%,-21.02%,-53.75%
BSET,2.04%,-2.21%,-10.93%
HMNF,5.37%,11.53%,24.89%
RAIL,54.94%,81.06%,109.02%
EBMT,6.93%,8.54%,10.74%
RGLS,11.28%,0.44%,-0.36%
APXI,0.01%,0.52%,4.16%
OVBC,0.74%,7.94%,2.72%
IMPP,8.73%,8.12%,27.76%
ELDN,3.54%,5.52%,37.30%
KGEI,-2.13%,-7.13%,-10.06%
GOEV,-9.32%,-24.13%,-56.12%
CAAS,-0.90%,8.58%,22.04%
UNB,14.81%,18.74%,1.77%
CFFS,0.39%,0.78%,2.79%
ORKT,4.02%,3.60%,3.60%
AUGX,0.99%,40.42%,-31.89%
PFTA,-1.97%,-1.25%,1.48%
UEIC,-7.91%,-17.16%,-8.59%
PCSC,-0.12%,-0.12%,-0.12%
FONR,0.86%,2.84%,-5.72%
CRDF,2.40%,0.46%,-12.92%
LARK,-0.06%,1.82%,3.74%
PITA,-17.74%,-70.47%,-76.27%
ALTO,-1.90%,-3.02%,-26.91%
PLMJ,-0.04%,0.12%,1.47%
OPRT,-1.53%,0.45%,-6.20%
ALOT,-0.49%,-1.99%,-11.48%
ANL,-6.21%,-10.46%,-63.15%
HURC,1.54%,3.16%,-14.58%
WMPN,-0.44%,1.23%,-1.92%
NUTX,77.98%,163.97%,47.02%
RR,58.39%,37.25%,-36.97%
LFVN,8.29%,22.28%,32.14%
FXNC,0.90%,6.74%,-1.73%
MGRM,3.84%,17.13%,5.86%
TLGY,0.23%,0.65%,4.86%
THCH,14.60%,9.06%,-38.68%
GECC,3.20%,2.02%,0.83%
IOBT,11.58%,18.82%,8.05%
SRTS,-0.41%,7.59%,52.17%
KRMD,2.55%,-3.20%,4.30%
OPAL,-4.07%,-9.71%,-24.93%
OFS,-1.25%,-6.84%,-20.64%
CSLM,0.26%,0.88%,4.14%
CTXR,-20.80%,-18.78%,-20.07%
MAPS,-7.44%,-8.44%,-4.47%
FCAP,1.74%,4.70%,12.60%
RGC,-9.00%,21.07%,-11.23%
NNAG,0.05%,0.33%,2.24%
PPYA,-2.02%,-1.14%,2.60%
SBFG,-0.12%,5.69%,10.30%
BROG,1.03%,4.08%,-54.84%
WPRT,4.43%,3.26%,-1.49%
XNET,0.49%,-3.00%,1.90%
DHAI,-14.82%,-25.49%,-47.44%
HOWL,8.08%,-5.45%,-46.42%
LPTX,22.52%,35.74%,11.00%
SFWL,0.95%,0.93%,-60.61%
KPTI,-5.86%,-11.06%,-21.59%
MVST,-11.61%,-24.30%,-57.80%
KINS,10.46%,43.55%,118.90%
BZFD,1.30%,-0.57%,49.43%
TOUR,-4.65%,-8.84%,-0.57%
ACNT,-0.12%,1.77%,3.20%
MAXN,-0.79%,-57.82%,-94.79%
CKPT,-0.64%,-0.82%,9.09%
ANIX,5.58%,17.59%,0.83%
ORMP,0.76%,-2.01%,-3.78%
RENB,4.23%,-39.92%,-70.71%
DERM,9.15%,1.69%,13.88%
GOCO,-17.78%,-24.60%,-30.42%
THCP,-0.19%,-0.58%,1.63%
VTGN,3.34%,0.79%,-17.60%
CPHC,-3.19%,-6.00%,-7.05%
XHG,-17.14%,-11.19%,-31.37%
VSTM,2.53%,-12.93%,-68.96%
OPOF,0.44%,12.37%,14.06%
TVGN,-17.10%,-25.83%,-89.37%
QSG,1.48%,1.91%,-32.84%
SEER,-1.06%,-2.37%,-4.32%
IVAC,-3.11%,-6.12%,-9.18%
IXAQ,0.26%,0.69%,4.15%
GAIA,5.86%,-0.92%,24.98%
RVSB,1.63%,8.33%,-4.74%
TBMC,0.28%,0.57%,2.96%
IMAB,7.21%,-11.34%,-24.81%
ZTEK,-0.52%,-5.54%,-17.28%
BOWN,0.32%,0.77%,2.59%
PBHC,-0.96%,7.54%,17.28%
SHIM,-10.78%,12.17%,-32.85%
MIST,5.45%,3.62%,-16.78%
CASI,-1.30%,10.57%,30.95%
XTKG,-26.16%,-37.71%,-60.52%
CBAT,-6.99%,-17.90%,-9.32%
INCR,6.38%,-1.74%,5.13%
BRID,10.96%,9.22%,2.48%
SATL,-1.72%,-6.79%,-26.23%
PFX,-0.61%,1.01%,11.65%
ZENV,1.67%,-14.83%,-6.49%
GIFI,1.49%,-3.63%,3.32%
CMTL,0.01%,-0.66%,-39.45%
PROV,3.19%,6.07%,5.14%
ASYS,7.69%,6.34%,18.81%
CTMX,-3.64%,-8.87%,-30.02%
RMTI,30.20%,48.57%,76.89%
AFJK,0.39%,0.80%,1.64%
GSIW,2.57%,3.28%,-14.13%
SGA,-2.05%,-2.53%,-24.51%
BCOV,7.62%,1.95%,5.90%
SKYX,-9.27%,-9.40%,-27.64%
SRBK,0.97%,3.53%,4.90%
SGMT,3.99%,-6.63%,-39.32%
SSSS,1.45%,-0.46%,-2.41%
EVGR,0.08%,0.61%,3.09%
BSBK,0.17%,2.74%,0.37%
GLAC,0.20%,0.67%,1.72%
AERT,-4.93%,3.24%,1.45%
COYA,-1.33%,-9.14%,-20.52%
AMLI,-3.45%,-19.55%,-48.02%
FNWB,5.49%,8.57%,-15.60%
IFRX,13.35%,6.41%,6.86%
QETA,0.22%,0.29%,1.28%
ASMB,15.05%,12.83%,29.97%
HLVX,9.22%,-62.52%,-84.44%
PPIH,16.36%,17.02%,27.76%
DYCQ,0.41%,0.75%,0.88%
SUNS,14.73%,15.25%,15.25%
TDUP,-22.33%,-46.65%,-57.76%
CDTX,4.29%,6.40%,-6.35%
BCAB,6.58%,11.12%,-17.18%
BNTC,6.62%,8.47%,58.77%
KVHI,0.60%,-0.70%,-6.83%
BKHA,0.24%,0.46%,0.46%
CITE,-0.10%,1.10%,4.36%
ACAB,0.31%,0.39%,3.97%
DBVT,-5.45%,-2.43%,-36.69%
TMTC,0.13%,0.97%,4.42%
EPRX,3.94%,4.49%,-18.11%
SND,6.16%,2.37%,4.53%
RBKB,-3.35%,-1.19%,3.19%
RANI,22.66%,2.36%,-11.59%
IROH,0.05%,0.38%,0.79%
LUNA,-8.87%,-17.73%,-47.62%
MFH,-9.13%,-12.60%,-15.57%
ONYX,0.25%,0.64%,3.47%
FFIE,-14.65%,-47.44%,-65.46%
FAT,-1.33%,0.93%,-19.09%
FATBB,,0.93%,-19.09%
FSHP,-0.09%,-0.09%,-0.09%
AUID,-5.23%,-12.07%,-7.27%
NEOV,-5.05%,-2.73%,27.27%
TIL,11.67%,14.02%,24.68%
GAQ,-0.34%,0.15%,3.20%
MNTX,0.46%,-4.88%,-32.07%
CMRX,8.76%,10.04%,1.54%
HSPO,0.38%,0.88%,3.65%
BYNO,-0.98%,0.25%,4.02%
MAYS,-1.56%,-1.71%,-4.66%
PWUP,-0.51%,-0.88%,3.05%
AIRG,4.05%,10.35%,51.37%
ACRS,-2.98%,-4.02%,-2.24%
SY,2.25%,-5.40%,-14.47%
OVID,23.66%,29.14%,-52.45%
ALVR,2.19%,1.33%,-16.91%
OMGA,-6.89%,-20.12%,-44.80%
EMCG,0.74%,1.65%,4.60%
KOSS,18.56%,25.05%,124.37%
ALGS,-0.40%,6.65%,-23.49%
SPWH,9.48%,0.81%,-32.79%
SLS,8.54%,12.51%,21.46%
LSB,4.05%,-8.08%,-24.05%
RSSS,2.40%,5.00%,0.99%
MCHX,1.50%,16.62%,34.27%
TOP,0.90%,-6.72%,-24.45%
VMCA,0.17%,0.29%,4.12%
ARBK,5.30%,3.47%,-20.55%
ATOM,-3.22%,-17.45%,-47.14%
TBNK,3.62%,8.80%,9.46%
CODA,1.77%,10.08%,17.52%
CDAQ,-1.48%,-0.98%,1.29%
FIAC,0.13%,1.18%,5.20%
RLMD,-6.96%,-17.23%,-28.25%
BOLD,13.09%,-4.29%,-48.14%
NPAB,-3.63%,3.09%,14.95%
IKNA,3.07%,3.28%,9.41%
OAKU,1.21%,2.08%,4.78%
WIMI,1.34%,-4.70%,-6.47%
LATG,0.87%,1.92%,6.35%
DPCS,0.89%,2.35%,6.44%
NB,-2.70%,-1.67%,-29.14%
WW,9.91%,-8.51%,-69.44%
INVE,-3.20%,-12.29%,-42.94%
BLEU,-0.04%,0.54%,3.45%
QMMM,14.51%,16.33%,16.33%
GTAC,1.49%,3.12%,9.16%
AITR,0.24%,0.52%,1.22%
OMEX,3.99%,-9.32%,-4.19%
RAPT,-8.23%,-20.70%,-78.47%
PLCE,-12.25%,-20.51%,-58.02%
VTSI,-12.43%,-16.71%,-33.73%
BEEM,-5.17%,-8.37%,-17.14%
TGAA,-0.34%,-0.73%,2.65%
XFIN,-0.15%,0.14%,3.00%
AISP,-7.90%,-17.00%,-43.25%
PIII,-12.37%,-10.49%,-41.28%
RSTN,-3.35%,-10.20%,-13.91%
MGYR,-0.37%,4.07%,10.96%
CRGO,-2.03%,-13.85%,-36.31%
BAYA,0.32%,0.81%,1.45%
PMVP,2.83%,0.18%,-15.91%
SILC,3.09%,-9.17%,-17.37%
PRLH,0.13%,0.31%,2.30%
INAQ,-0.33%,-0.64%,4.38%
JVSA,0.28%,0.63%,1.07%
REFR,6.03%,13.27%,53.37%
GAN,6.65%,12.34%,18.46%
YI,-12.27%,-14.52%,-32.19%
NHTC,-1.42%,-1.49%,6.31%
SDIG,56.09%,36.35%,16.87%
FORA,0.40%,-3.27%,-9.03%
MDXH,3.74%,7.67%,-4.30%
ATMV,,7.67%,-4.30%
AEAE,-2.64%,-0.86%,5.29%
FEBO,-36.30%,-51.35%,-39.87%
YTRA,2.60%,8.44%,-6.69%
PFIE,6.34%,8.11%,4.51%
FANH,-1.49%,-17.89%,-67.20%
UPC,-13.36%,-6.57%,39.11%
GNLX,3.44%,-2.24%,-68.31%
FNVT,0.47%,1.17%,5.24%
TETE,0.30%,0.81%,3.47%
ATMC,0.60%,0.97%,4.77%
LICN,4.09%,18.53%,44.49%
ONCY,-1.41%,-3.99%,-14.98%
MDBH,-13.97%,-6.09%,-15.22%
CLSD,-4.67%,-11.62%,-19.60%
CLRB,8.32%,-6.87%,-26.42%
NEON,76.32%,105.61%,177.51%
HYPR,0.46%,5.11%,6.15%
CBRG,0.00%,0.08%,4.21%
IRAA,-3.00%,-2.38%,1.81%
IVCP,0.26%,1.14%,3.70%
NSPR,-1.28%,5.98%,11.10%
VANI,7.96%,6.08%,-4.51%
BYSI,6.09%,-7.76%,6.43%
SLNG,-4.67%,-3.54%,-7.45%
GNTA,-5.77%,6.20%,-3.27%
STCN,-0.10%,-3.73%,12.90%
BOCN,1.00%,1.79%,4.95%
CNTY,1.43%,-2.76%,-24.92%
BHAC,-2.51%,-0.56%,1.71%
SPRO,5.99%,3.02%,-4.59%
HNNA,10.85%,23.59%,40.54%
EURK,,23.59%,40.54%
NVNO,4.77%,3.09%,10.66%
MITA,4.22%,5.34%,7.99%
TYGO,-8.81%,-18.85%,-22.04%
TELA,-18.67%,-31.86%,-46.22%
MSSA,-0.31%,0.18%,3.79%
AENT,-21.80%,-45.92%,-31.19%
ELVA,-4.10%,-14.71%,-34.37%
LSBK,0.28%,1.67%,10.98%
UBCP,1.12%,-1.13%,-0.80%
UONE,-2.66%,-0.30%,-29.38%
GRDI,-3.31%,-11.29%,-41.60%
PDEX,9.70%,13.17%,16.41%
MRNS,15.34%,11.59%,-72.93%
SSIC,-1.81%,-2.38%,13.04%
VBFC,2.12%,6.54%,6.09%
DTSQ,,6.54%,6.09%
CCG,5.00%,8.24%,-72.78%
ABLV,17.65%,32.89%,-20.86%
ELTK,5.31%,6.84%,-12.81%
FRLA,0.33%,0.39%,3.05%
WRAP,-2.16%,-9.02%,-34.98%
NDLS,-4.59%,-8.86%,-29.23%
DTIL,6.48%,1.47%,-14.98%
CHCI,5.90%,9.40%,27.01%
ADGM,-27.69%,-53.12%,-58.79%
CELU,1.13%,0.12%,-9.21%
DIST,-0.31%,-0.03%,1.53%
SIEB,-0.05%,-2.43%,-11.11%
LOOP,0.77%,-13.63%,-43.10%
NVAC,-0.20%,1.79%,8.37%
HGBL,-14.74%,-23.01%,-31.77%
RRGB,-24.01%,-35.84%,-52.13%
ICCH,0.70%,1.41%,30.17%
SOND,133.67%,126.36%,120.48%
PAVS,-6.68%,0.00%,-42.60%
PTWO,0.91%,-1.07%,10.00%
GLLI,0.49%,1.00%,3.74%
AFAR,1.79%,3.45%,7.94%
CLOE,-6.46%,-6.41%,-1.41%
HAIA,-0.44%,0.50%,3.27%
NCTY,4.04%,-7.44%,3.70%
GSIT,3.77%,-4.09%,-12.39%
AUBN,0.52%,-0.11%,-6.56%
AIMAU,,-0.11%,-6.56%
RFAC,0.23%,1.26%,5.25%
VOXX,80.18%,68.76%,-29.31%
FOSL,-2.52%,-12.83%,-4.78%
UONEK,0.23%,-5.69%,-45.69%
VOR,-0.54%,-8.27%,-48.61%
SOTK,5.82%,3.73%,-12.58%
QUBT,4.19%,5.68%,-16.29%
ASCB,-2.08%,-0.96%,1.76%
USGO,-5.15%,-11.06%,-15.96%
CURI,15.83%,15.13%,53.19%
HOOK,11.28%,-1.95%,-17.33%
AFMD,-3.24%,-16.07%,-19.65%
BNAI,-21.90%,-45.12%,-77.92%
PETS,-6.98%,-17.41%,-40.55%
FTII,-0.99%,-1.85%,0.27%
ALLK,-6.46%,-17.76%,-51.37%
UBXG,-85.35%,-81.34%,-75.25%
SELX,3.10%,-7.79%,-67.58%
PRE,-13.38%,-17.60%,-6.82%
CSBR,2.48%,-2.09%,-9.57%
EGIO,18.36%,9.01%,-5.91%
ARQQ,4.80%,1.68%,-26.83%
IPWR,-3.95%,1.73%,-5.91%
SCYX,-18.71%,-24.11%,-19.97%
ABAT,6.02%,3.84%,-50.88%
BEAT,-1.83%,-10.30%,9.38%
AIRT,-0.06%,-4.00%,8.19%
ENTX,6.31%,-2.26%,15.51%
BLRX,-4.11%,-0.11%,-32.13%
MTC,-2.31%,-19.22%,-79.86%
TORO,0.70%,-4.30%,-24.00%
UG,20.90%,33.23%,63.68%
BNR,-8.27%,-10.54%,-24.29%
TTOO,-6.67%,-21.72%,-16.08%
UPLD,5.35%,-3.71%,-29.62%
SIFY,-2.28%,-12.28%,-69.35%
BOTJ,0.72%,8.74%,18.64%
FUSB,3.46%,5.94%,8.29%
GBBK,-0.07%,-0.07%,3.24%
THTX,-3.97%,-7.19%,-10.98%
USAU,4.25%,-0.56%,25.46%
ABIO,22.25%,17.33%,53.35%
WFCF,0.19%,-3.02%,-11.52%
JUNE,3.63%,1.40%,4.92%
SSBI,-2.28%,-5.24%,-17.19%
NAAS,-9.67%,-9.18%,-81.14%
MNOV,20.81%,11.68%,1.61%
LOAN,-1.70%,-1.46%,3.94%
NTRB,-2.31%,-8.72%,40.30%
HHGC,0.76%,0.40%,3.11%
EGRX,8.27%,-3.85%,-10.24%
INTS,-3.99%,-8.59%,-7.68%
VUZI,-13.81%,-28.02%,-45.28%
KRON,-7.74%,-13.95%,-10.72%
IMMX,5.49%,3.83%,-33.39%
MURA,-0.06%,0.77%,-18.20%
CTSO,-1.64%,6.02%,1.35%
ANGH,1.35%,-5.66%,-20.86%
BYFC,38.65%,45.89%,35.26%
GRTS,-6.21%,-19.93%,-65.56%
ONDS,2.15%,7.82%,-16.18%
FDSB,2.46%,2.46%,2.46%
FARM,6.68%,3.12%,-9.78%
SELF,4.28%,5.58%,12.71%
BAFN,6.69%,11.87%,15.73%
CCTS,-0.61%,-0.54%,4.05%
LRFC,-1.38%,-2.88%,-3.51%
CLGN,9.55%,5.16%,-4.53%
LIVE,1.23%,-9.23%,-25.10%
BCG,-4.73%,-28.34%,-59.25%
BMR,-3.79%,-22.00%,-18.44%
MODD,12.29%,15.08%,11.43%
IROQ,3.75%,5.53%,12.24%
EDRY,-2.32%,-9.42%,-2.13%
FAAS,-22.15%,-69.50%,-86.62%
OPXS,3.43%,5.90%,21.44%
HYMC,-2.34%,-7.60%,-11.41%
CNTB,-9.11%,-19.65%,-25.44%
FLUX,-1.08%,-4.35%,-16.55%
SHLT,-21.49%,-29.17%,-53.53%
FTHM,16.41%,37.12%,17.17%
RDIB,,37.12%,17.17%
AIRE,-1.43%,2.64%,-26.51%
CODX,17.67%,16.54%,23.05%
OPTX,3.05%,-22.98%,-62.25%
FBLG,-33.78%,-57.36%,-79.95%
ROCL,-0.41%,0.89%,4.65%
VIVK,-1.62%,-8.54%,49.09%
HHS,-2.44%,-6.23%,0.18%
LNSR,4.04%,0.66%,20.88%
NBST,0.26%,0.43%,2.21%
COCH,16.86%,23.98%,3.94%
LEE,-4.99%,-15.74%,-19.89%
PXS,-0.27%,0.53%,9.89%
XGN,8.80%,32.96%,58.50%
ANEB,-1.54%,-9.33%,-16.08%
BRAC,0.70%,1.53%,5.92%
GEG,-0.96%,-0.52%,-5.12%
AVTE,6.03%,-14.61%,-88.26%
BUJA,0.06%,0.60%,2.83%
GDC,150.94%,253.95%,237.37%
LPTH,-2.67%,0.54%,-2.54%
AOGO,0.17%,0.33%,1.93%
UCL,-1.11%,-10.72%,-15.63%
CLRC,0.06%,0.91%,5.50%
RGS,-4.38%,3.73%,98.19%
MESA,-3.18%,-13.26%,21.10%
VCSA,10.13%,-10.45%,-44.49%
STBX,9.37%,1.97%,-23.69%
WOK,-3.29%,-3.29%,-3.29%
RPHM,5.83%,3.42%,-30.27%
CLST,-1.90%,-0.82%,0.18%
CAPT,3.64%,-15.34%,-54.54%
MSAI,26.57%,27.55%,-37.89%
PRPH,-12.76%,-28.35%,-49.16%
LVLU,3.11%,-14.24%,-23.68%
BWEN,-14.52%,-28.88%,-19.87%
PDYN,1.97%,-4.28%,28.30%
RENT,3.65%,-17.70%,-8.41%
FEAM,-26.99%,-37.92%,-52.44%
NCSM,14.77%,21.55%,32.38%
BRFH,-5.44%,-6.60%,67.10%
AQU,0.80%,1.39%,4.22%
ALRN,11.99%,-7.37%,-34.45%
CMBM,-8.57%,-23.37%,-55.36%
LTRN,4.56%,-0.03%,-14.92%
SWVL,-3.92%,-11.21%,-10.20%
IPW,-1.98%,-16.38%,38.41%
LVTX,-0.53%,-3.72%,-14.20%
MNY,-12.70%,-29.56%,-35.89%
HSON,-1.34%,1.30%,9.07%
CPTN,0.47%,10.21%,5.23%
GODN,-0.21%,0.42%,3.57%
PRTS,-1.20%,-16.66%,-55.98%
CRWS,-1.10%,-2.70%,-6.27%
MARX,0.06%,0.81%,2.89%
FKWL,0.69%,7.00%,28.64%
HOUR,13.89%,25.87%,8.14%
BCOW,0.96%,5.97%,21.38%
AWRE,-0.83%,10.12%,25.51%
SHOT,13.95%,-9.84%,-59.73%
KPLT,-16.85%,-22.85%,-4.62%
AGAE,-1.06%,1.32%,23.23%
CPBI,1.96%,8.64%,14.00%
ALSA,-0.37%,1.67%,6.34%
ESLA,-22.23%,-16.28%,-6.43%
VSAC,0.30%,2.24%,7.41%
TRSG,3.19%,-10.77%,-30.86%
LEXX,-14.51%,-6.00%,10.55%
RAND,7.86%,15.08%,32.72%
ELEV,-35.19%,-63.60%,-70.90%
FBIO,6.37%,5.78%,1.37%
PPSI,-2.92%,-1.99%,-11.41%
DGHI,15.22%,5.84%,-6.30%
DWSN,-12.48%,-17.53%,-2.06%
RECT,2.34%,-1.79%,-1.79%
CARM,10.96%,1.72%,-39.60%
KTCC,6.20%,10.92%,2.97%
BRNS,-6.94%,-11.30%,-48.17%
RLYB,5.62%,-4.18%,-30.25%
CCLD,12.01%,21.79%,61.73%
BGXX,-5.68%,-11.92%,-12.13%
OPHC,0.78%,4.81%,11.74%
ELTX,-11.61%,-18.26%,-35.27%
HOLO,4.16%,-31.94%,-89.84%
ICMB,-1.37%,-2.64%,-2.78%
FLNT,-4.94%,-13.76%,-15.75%
PASG,-7.60%,-14.44%,-29.37%
CTRM,-2.82%,0.43%,12.43%
ACAC,-0.87%,0.57%,4.00%
ADD,39.33%,128.78%,180.32%
ARKR,-0.63%,-6.49%,-11.61%
NSTS,-2.96%,-1.32%,3.54%
GOVX,54.83%,91.36%,79.58%
CETY,-2.03%,-12.27%,-16.13%
AKTX,4.93%,8.37%,44.12%
KZR,4.28%,2.29%,-19.82%
EHGO,17.97%,12.34%,12.34%
BNIX,0.60%,1.07%,4.08%
CREX,3.46%,-0.34%,30.06%
INTE,0.03%,0.78%,3.17%
BNGO,0.97%,-14.24%,-51.72%
PALT,12.69%,13.02%,34.78%
NXTC,-0.63%,-0.88%,6.45%
APYX,9.87%,1.67%,-25.42%
CENN,-2.23%,-11.49%,-10.81%
FORL,0.16%,0.55%,3.15%
GENK,12.55%,10.64%,8.80%
NOVV,-0.04%,2.33%,11.14%
ICAD,8.65%,14.69%,3.58%
TARA,-0.00%,-5.45%,-20.78%
EYEN,-33.95%,-37.40%,-53.32%
KACL,1.26%,3.13%,12.36%
GLST,0.09%,-0.07%,2.82%
CMCT,-5.47%,-14.77%,-38.33%
DRCT,-3.19%,-13.76%,-65.85%
YOTA,0.12%,1.24%,5.12%
HKIT,22.96%,10.99%,19.54%
SYRS,-55.73%,-67.76%,-71.10%
TACT,3.18%,9.87%,-20.95%
DRRX,2.75%,-0.20%,37.67%
LUCD,-1.33%,-1.49%,-25.10%
IGTA,-0.06%,-0.08%,3.25%
HUIZ,-8.10%,-14.40%,0.95%
IDN,-8.91%,-23.62%,-9.30%
ASRV,10.54%,10.22%,-0.23%
BLAC,0.12%,0.58%,3.34%
OSS,24.67%,15.07%,4.48%
AREC,-0.37%,-15.18%,-55.49%
PLBY,-19.13%,-27.86%,-38.15%
VSTE,-41.72%,-48.85%,-73.03%
PXLW,-14.35%,-23.50%,-54.18%
CALC,-3.78%,-4.94%,-5.09%
VTNR,-18.52%,-42.67%,-73.51%
NVNI,-2.81%,2.82%,-23.98%
EBON,3.58%,-1.95%,-28.10%
XOS,-4.95%,-16.41%,-36.42%
DYAI,9.92%,2.01%,-5.58%
CFSB,-4.71%,-3.67%,-6.02%
ECDA,13.74%,8.33%,-44.45%
KSCP,17.49%,6.90%,-40.06%
AXDX,22.31%,42.03%,-1.34%
MATH,1.75%,-4.69%,-17.62%
BGM,-6.23%,10.89%,58.70%
NISN,-7.59%,23.47%,75.29%
BGFV,6.20%,-20.28%,-52.62%
FSEA,1.03%,2.36%,13.53%
OCX,2.35%,3.04%,3.80%
SWIN,15.19%,-8.03%,-58.96%
SJ,-3.63%,1.20%,-34.45%
VTVT,12.94%,-7.60%,-1.80%
CLIR,-1.71%,-7.38%,-22.03%
NICK,-9.25%,-12.02%,-15.73%
TCBS,1.18%,-1.23%,2.60%
RDI,13.01%,18.46%,0.16%
NOTV,-13.92%,-20.44%,-63.26%
SNT,3.90%,1.23%,26.66%
INTG,0.87%,-8.90%,-17.69%
USIO,0.10%,-2.46%,-7.74%
LINK,-11.60%,-9.15%,-40.82%
SYT,13.17%,-5.49%,-44.21%
FGEN,-13.69%,-51.65%,-66.99%
DXR,-7.52%,-9.87%,-9.23%
RFIL,2.52%,-0.92%,17.19%
PHUN,-3.62%,-24.62%,-52.86%
EVTV,15.31%,21.82%,15.59%
XLO,2.61%,-1.94%,-1.13%
DUET,0.63%,1.54%,4.85%
HFBL,-1.30%,5.07%,-4.77%
REE,9.76%,1.23%,-19.35%
DSWL,4.04%,1.97%,2.23%
LTBR,-2.13%,-14.83%,-13.87%
WINV,-0.09%,1.22%,4.71%
AADI,13.51%,10.80%,-23.91%
PMN,-0.28%,-20.27%,-26.47%
STI,8.02%,-18.67%,-89.09%
PET,-11.18%,-32.49%,-51.04%
CXAI,1.83%,0.21%,-1.46%
SYPR,-3.69%,-11.41%,-11.95%
EQ,31.33%,34.47%,-16.36%
GDST,0.27%,1.05%,4.19%
ECOR,-1.01%,-3.23%,-5.97%
SURG,-21.08%,-34.90%,-61.96%
DFLI,-10.00%,-24.64%,-15.66%
PBBK,5.88%,13.53%,26.45%
LGCB,-18.27%,-40.06%,-31.15%
WTMA,0.27%,0.86%,3.58%
MNDO,1.11%,0.23%,-3.31%
CUE,0.62%,-19.75%,-60.98%
XBP,-3.74%,-10.98%,-70.34%
CRIS,21.46%,-2.01%,-41.09%
WAVS,-2.89%,-4.31%,-3.26%
OCEA,-14.92%,-20.32%,-37.31%
JRSH,1.86%,0.76%,-0.73%
CDTG,-2.87%,-2.90%,-5.31%
OM,-62.47%,-78.91%,-81.90%
LGVN,-13.65%,-15.90%,-65.11%
ACXP,2.66%,-2.98%,-23.40%
MKTW,-11.76%,-23.78%,-56.09%
VGAS,-10.95%,-15.42%,-5.80%
AIFF,-21.54%,-21.38%,-26.22%
IZEA,1.87%,-0.82%,-2.83%
AIXI,26.21%,-10.27%,-63.69%
RPID,6.10%,15.88%,-4.76%
SHFS,-6.44%,-4.22%,-29.38%
MCAG,-0.18%,0.02%,2.63%
TPST,-6.14%,-27.40%,-58.63%
TPCS,-5.12%,0.32%,-17.50%
UNCY,-3.02%,-19.93%,-58.85%
SGRP,-16.48%,-25.21%,0.64%
TLF,-3.64%,-5.73%,-8.57%
GROW,-0.56%,-1.54%,-5.53%
OKYO,8.38%,-10.13%,-25.43%
NSYS,-3.72%,-7.55%,1.86%
ATRA,-13.60%,-23.03%,-52.85%
CLNN,13.31%,-0.10%,-25.45%
SCOR,-23.00%,-41.24%,-52.26%
LASE,11.73%,42.36%,94.19%
RCON,41.82%,72.40%,8.95%
ORGS,-7.73%,5.08%,29.39%
ICCM,5.92%,-3.41%,-33.43%
OCUP,-20.66%,-26.88%,-43.70%
FRGT,-0.96%,-27.40%,-87.47%
MOVE,-9.65%,-8.71%,-39.55%
AZ,-14.87%,-3.43%,-26.31%
TURN,-0.46%,-4.55%,-13.10%
NCNC,-2.25%,-2.06%,-10.94%
XTLB,-1.26%,3.75%,43.78%
GAME,-4.76%,-6.30%,-26.61%
POCI,-9.18%,-14.57%,-13.67%
GANX,14.69%,10.25%,-52.77%
ESGL,4.94%,11.16%,82.25%
ANTX,-29.35%,-45.12%,-84.96%
MLEC,-2.06%,-11.54%,-45.81%
MRKR,-6.55%,-20.85%,-13.90%
PODC,-2.61%,-6.51%,-23.76%
ASPS,-4.88%,-10.07%,-49.43%
MTEN,20.95%,47.66%,22.56%
APWC,-6.63%,-6.87%,-0.01%
ALTS,25.99%,19.45%,29.86%
MOBX,17.06%,-9.70%,-66.08%
INKT,-2.58%,-8.42%,-13.98%
NAII,3.18%,-2.08%,-9.09%
GTIM,12.86%,17.21%,20.49%
QH,-3.65%,-15.69%,-58.91%
ONMD,-11.04%,-2.95%,-16.85%
DECA,0.48%,27.24%,34.59%
ABVE,-18.28%,-68.21%,-87.74%
ATGL,-20.76%,-24.34%,-66.53%
RVPH,11.17%,-8.54%,-65.94%
STRM,15.71%,15.58%,34.52%
ICLK,1.12%,44.33%,7.71%
IMRX,-0.79%,-7.28%,-69.52%
IRIX,2.68%,-1.42%,-21.00%
AQMS,-3.08%,-22.54%,-55.39%
GLBS,-5.09%,-13.41%,-27.63%
MYNA,-70.02%,-73.07%,-78.64%
AAME,3.98%,-0.61%,-21.63%
FTEK,2.46%,-0.41%,-6.02%
GRYP,2.75%,-20.76%,-74.08%
FTCI,-13.36%,-27.48%,-48.12%
HUDI,-5.34%,-8.52%,-20.07%
WHLM,-2.63%,-2.94%,14.56%
LFWD,-8.31%,-11.77%,-32.82%
BHAT,0.67%,-31.35%,-41.01%
BTM,-4.24%,-6.39%,-23.91%
MOGO,-2.64%,-11.76%,-24.41%
NTWK,-1.12%,-1.46%,5.24%
MIGI,15.29%,5.46%,-1.18%
QOMO,2.40%,4.84%,9.93%
ELBM,45.30%,41.35%,30.62%
ACHL,-1.76%,-7.18%,-17.99%
DARE,-0.63%,-8.72%,-22.48%
FGF,5.34%,4.31%,-18.16%
AIEV,0.64%,-60.74%,-92.68%
LUMO,57.29%,81.48%,44.94%
CGTX,-2.67%,-50.83%,-60.60%
RAY,-35.75%,-50.08%,-53.26%
CLPS,33.63%,29.67%,16.08%
GRRR,15.29%,5.00%,-48.81%
STIM,-31.13%,-44.17%,-65.19%
NRBO,-8.02%,-16.84%,-14.98%
ICCC,9.87%,1.53%,-12.67%
SLNH,4.26%,-11.46%,30.17%
TKLF,0.83%,33.33%,43.95%
GTEC,16.10%,22.15%,-11.05%
QNCX,5.09%,-1.92%,-29.71%
OESX,-10.20%,-17.10%,-10.51%
CGBS,-15.16%,-88.75%,-95.69%
BRLT,-13.68%,-14.62%,-28.38%
GMM,-2.49%,2.57%,-73.02%
PLUR,1.23%,0.54%,-1.18%
EPOW,24.45%,33.38%,18.16%
CMLS,1.22%,-10.40%,-50.81%
IXHL,4.44%,-18.43%,-42.03%
TOI,-20.77%,-24.17%,-72.11%
DRIO,-9.60%,-22.76%,-43.34%
AGMH,16.05%,48.86%,-17.63%
GORV,-22.19%,-34.35%,-58.13%
KALA,-0.68%,-5.35%,-11.56%
BTAI,-17.91%,-36.49%,-72.88%
VYNE,-0.14%,-6.46%,-25.20%
ITRM,-6.55%,-9.22%,-25.12%
SRZN,23.62%,5.68%,-3.07%
UTSI,3.37%,3.45%,-3.20%
MIRA,-4.75%,30.22%,47.19%
CVV,2.72%,-1.13%,-16.48%
MNDR,-9.90%,-32.47%,-83.47%
BCLI,-1.51%,-10.96%,-16.93%
ICU,-22.63%,-26.86%,-58.70%
NWGL,-4.64%,-20.08%,-79.07%
AEHL,-25.89%,-29.96%,4.20%
DTST,-14.27%,-31.42%,-21.93%
UBX,12.65%,15.84%,2.43%
BOLT,-2.10%,-4.80%,-29.70%
RAVE,1.99%,-0.90%,-8.43%
MDAI,-3.46%,-11.23%,-28.07%
KFFB,0.66%,2.72%,-13.99%
APDN,169.67%,287.72%,-68.48%
SNAL,22.13%,13.55%,-7.64%
USEG,-1.88%,-7.94%,-13.02%
HYFM,-9.29%,-20.34%,-39.04%
CHR,-8.25%,-6.67%,-13.03%
MKDW,-32.69%,-79.71%,-86.94%
ENLV,-0.89%,-6.43%,-41.96%
YYGH,-5.04%,-3.81%,-33.60%
ZOOZ,0.62%,-4.16%,-17.47%
DALN,-2.00%,12.49%,8.74%
VSEE,-28.53%,-70.38%,-84.55%
PMEC,-7.74%,2.18%,-58.92%
INAB,-22.04%,-34.31%,-51.89%
LSTA,-4.84%,-13.30%,-3.65%
ACST,-0.50%,-11.30%,-11.32%
NVA,14.08%,15.50%,15.50%
BIOR,5.56%,3.19%,-24.97%
SUGP,-14.61%,-19.99%,-24.85%
SABS,-2.77%,-9.55%,-48.62%
PSHG,3.84%,-0.26%,-0.44%
PSIG,-29.36%,-85.25%,-90.88%
SOHO,1.35%,2.27%,-8.34%
DAIO,5.91%,-1.07%,-13.75%
RNXT,-14.74%,-18.19%,-20.69%
NMTC,4.26%,-2.75%,-30.47%
CACO,-9.10%,-23.49%,-36.90%
GP,0.68%,-12.08%,-53.45%
IZM,-0.42%,2.38%,-71.97%
PIRS,5.77%,43.89%,33.93%
FEMY,2.05%,-1.86%,-10.25%
FPAY,-1.68%,-6.17%,-13.66%
VRAX,101.88%,182.71%,273.05%
GDHG,-9.93%,-26.42%,-95.39%
RNLX,-11.37%,-5.98%,-40.48%
CNTM,-15.03%,-81.81%,-90.86%
JZXN,-31.71%,-47.10%,-82.91%
GBNY,-2.17%,-0.93%,6.61%
NXPL,12.40%,10.71%,-11.24%
GREE,-2.63%,-21.79%,-43.50%
BIAF,-12.23%,-23.54%,-17.18%
VINC,22.02%,17.58%,-52.58%
GHSI,22.01%,23.82%,53.88%
UCAR,2.73%,-5.51%,-74.76%
HUDA,-7.44%,-3.31%,12.19%
USEA,2.61%,-0.01%,-0.87%
COOT,4.18%,2.17%,-82.93%
SWAG,10.99%,14.76%,1.21%
NRXP,-2.63%,-16.37%,-46.51%
ISPO,-12.53%,-0.40%,-0.88%
CYTH,-29.50%,-32.99%,-43.79%
HLP,25.71%,16.55%,2.81%
CHSN,6.48%,-13.48%,-14.70%
NKGN,-19.85%,-30.91%,-58.23%
IPA,-5.12%,-14.56%,-42.24%
HOVR,30.18%,45.61%,-71.18%
OCC,0.70%,1.24%,-0.01%
TWG,-8.52%,-9.55%,-27.78%
WETH,-2.09%,-22.52%,-65.87%
SAI,-0.11%,-5.46%,-12.43%
COSM,4.42%,10.27%,28.69%
ATER,3.09%,10.12%,-10.15%
SGMA,14.86%,-20.48%,-9.60%
XAIR,-7.55%,-30.75%,-67.47%
IINN,4.81%,-9.11%,-23.40%
LRE,-10.01%,-35.81%,-65.43%
BANL,33.49%,35.90%,-1.55%
,0.57%,1.39%,5.33%
ANY,10.19%,-0.98%,-30.24%
SDOT,-2.62%,-2.29%,15.41%
JFU,-6.19%,-10.25%,-39.20%
APCX,-20.55%,-23.46%,-43.27%
BTCS,-8.26%,-14.85%,-19.69%
MEIP,-4.16%,2.15%,-22.82%
JG,8.83%,21.26%,22.11%
LYRA,6.57%,11.98%,-89.28%
BBGI,4.62%,3.16%,-11.92%
KIRK,8.00%,1.13%,-26.76%
TXMD,12.31%,9.45%,-9.50%
MMV,-0.44%,-0.58%,-31.01%
WAVE,21.26%,40.22%,81.00%
COCP,2.32%,-12.20%,3.83%
AACG,-6.27%,-17.07%,-38.30%
QMCO,-35.16%,-48.83%,-54.14%
BFRG,-3.76%,6.46%,-19.77%
CMMB,45.34%,50.76%,108.68%
DUOT,-4.90%,-10.70%,-23.44%
EVGN,-14.72%,-33.53%,-49.02%
CPSH,-7.59%,-15.74%,-30.97%
BIVI,-2.99%,-23.40%,-70.50%
EKSO,14.31%,3.55%,-23.98%
SPRB,3.09%,-7.91%,-70.97%
LPCN,-17.26%,-42.39%,-25.61%
PXDT,2.46%,-9.54%,-66.35%
YYAI,-38.82%,-41.15%,-29.75%
MGIH,13.58%,13.78%,20.60%
CPIX,-1.41%,-4.45%,-18.36%
GNLN,-10.44%,24.02%,7.97%
NEPH,-6.37%,-10.23%,-25.91%
WKSP,-12.45%,-15.91%,-38.63%
VCIG,-22.01%,-55.60%,-84.40%
WKHS,-30.92%,-70.19%,-99.07%
ZPTA,-3.55%,-12.88%,-91.33%
CARA,4.33%,9.48%,-46.67%
APRE,-0.95%,-7.93%,-29.14%
TRIB,-1.43%,-3.44%,10.70%
ASTC,23.10%,26.34%,30.76%
SEED,13.18%,-17.75%,-7.98%
FLYE,-12.54%,-78.43%,-78.91%
ZKIN,1.97%,-2.71%,-25.75%
CSCI,-32.69%,-29.91%,-45.69%
CJET,9.88%,-41.94%,-79.62%
MHUA,52.29%,31.95%,11.62%
GDTC,-5.62%,-15.93%,-40.22%
TRUG,2.79%,9.39%,-69.61%
NERV,-1.00%,-9.66%,-36.75%
WVVI,-0.27%,-2.59%,-19.06%
EDTK,-6.30%,-1.56%,8.68%
LSH,15.36%,12.37%,12.37%
PEV,10.14%,8.49%,-39.84%
IMNN,-9.20%,-7.75%,8.91%
SLGL,47.04%,-1.17%,-30.96%
TOMZ,12.25%,8.16%,9.88%
BLMZ,-20.38%,-32.83%,-32.83%
CCTG,-5.60%,-21.45%,-53.91%
GYRO,-1.22%,-0.39%,-10.55%
VRAR,12.20%,1.82%,-16.78%
HCWB,-13.38%,-26.12%,-58.21%
HYZN,-13.96%,-65.38%,-87.48%
TAIT,1.59%,3.52%,-6.45%
CPOP,-0.99%,-8.14%,-31.67%
ZAPP,-40.55%,-41.72%,-18.06%
YHGJ,36.82%,10.07%,-30.69%
EZFL,0.32%,-27.01%,-35.69%
NXGL,-1.88%,9.71%,17.40%
SYBX,-2.49%,-3.31%,-30.28%
EVAX,11.92%,9.52%,-29.43%
TSBX,-56.70%,-66.62%,-71.97%
UGRO,2.18%,-0.45%,-13.29%
MNTS,77.12%,86.90%,7.24%
EDUC,-6.07%,-3.62%,10.73%
BOSC,1.05%,0.59%,3.47%
JYD,19.09%,25.34%,-27.60%
VISL,1.45%,19.44%,63.22%
ABTS,-4.96%,-3.31%,-37.45%
AWH,-8.75%,-20.97%,-65.38%
CUTR,-16.91%,-37.69%,-61.98%
APM,-1.31%,-17.78%,-21.14%
ILAG,19.50%,45.20%,54.57%
TURB,23.04%,34.60%,32.65%
LOBO,-12.15%,-15.03%,-23.80%
MBOT,-0.29%,-4.10%,-15.39%
INDP,-5.23%,-18.74%,-21.35%
VRM,9.63%,0.01%,-58.91%
ALCE,2.49%,-20.57%,-85.83%
LIQT,18.05%,26.87%,-0.32%
PYPD,-0.78%,-6.49%,-24.51%
MCVT,6.85%,4.88%,1.99%
FMST,5.38%,5.38%,4.85%
PT,-0.73%,-2.65%,-7.12%
IMRN,4.20%,9.35%,18.64%
NRSN,0.82%,-13.47%,-33.61%
JZ,2.67%,-8.86%,-52.96%
BCTX,21.40%,-6.36%,-70.01%
HUBC,-22.44%,-30.01%,-62.86%
LRHC,-6.66%,-25.27%,-31.24%
DLPN,-9.66%,-18.09%,-44.80%
XELB,4.38%,7.39%,-19.80%
NCNA,59.26%,105.47%,26.01%
OMIC,0.10%,-12.23%,-41.43%
CDT,-12.06%,-69.28%,-94.06%
WKEY,3.17%,3.68%,5.45%
SYRA,-16.92%,-19.66%,-25.25%
HTCR,-2.64%,-8.80%,-10.14%
SGLY,24.10%,-0.23%,-5.49%
TLPH,5.25%,6.58%,1.96%
JCTCF,6.84%,-3.14%,-11.63%
APLM,-11.78%,-26.72%,-75.06%
CTCX,-31.82%,-47.46%,-73.03%
SNSE,-1.15%,-4.20%,-26.45%
WENA,-1.03%,-38.67%,-84.90%
HOFV,-5.54%,-17.17%,-28.79%
GIGM,-1.81%,-0.23%,-3.21%
ZEO,-32.01%,-33.01%,-69.20%
GCTK,59.74%,55.13%,57.80%
GLTO,3.21%,5.12%,-12.39%
ONCT,-12.73%,-32.63%,-45.58%
CWD,8.40%,-12.27%,-40.01%
AYTU,-6.61%,-12.89%,-16.59%
REBN,-5.40%,-34.54%,-0.64%
EDSA,0.21%,2.87%,5.81%
GFAI,0.20%,-22.51%,-45.80%
TENX,3.88%,15.26%,-54.94%
GLBZ,10.01%,17.27%,-2.68%
QTI,12.22%,-6.40%,-87.26%
LAES,49.02%,13.15%,-39.97%
MTEK,1.60%,11.72%,31.14%
CMAX,-23.57%,-7.43%,-61.80%
GVP,10.01%,9.25%,40.22%
MDRR,7.56%,7.17%,14.91%
GSUN,-1.05%,3.61%,17.98%
JDZG,9.25%,-16.88%,-78.19%
CLRO,-12.28%,-17.16%,-26.15%
SIDU,33.40%,37.36%,-20.04%
MBIO,-12.09%,-24.91%,-64.10%
FLGC,12.48%,6.95%,-13.77%
STRR,-3.41%,-4.16%,-10.73%
JVA,10.16%,11.34%,66.15%
XELA,-1.74%,-5.59%,-15.49%
AMIX,-16.90%,-34.85%,-75.60%
NIVF,7.53%,0.47%,-83.81%
SANW,-11.20%,-7.41%,-34.58%
GIPR,8.24%,-21.31%,-32.77%
MULN,-48.97%,-79.75%,-95.49%
AEI,26.73%,6.86%,29.12%
VRME,19.30%,7.96%,5.13%
PMD,8.68%,2.17%,-14.78%
SNTI,27.06%,6.62%,-25.41%
NCRA,4.69%,-3.32%,-18.17%
RMCF,2.99%,-7.29%,-45.96%
DXYN,14.60%,20.87%,26.09%
ELSE,-0.72%,-3.44%,-4.48%
MTEX,5.12%,4.61%,-17.10%
PETZ,-2.16%,-6.18%,-1.52%
MDJH,-2.91%,-7.17%,-12.41%
PPBT,13.20%,7.24%,-34.29%
MSS,-24.15%,-41.33%,-75.54%
SLE,-1.01%,7.95%,-25.24%
FRSX,-1.75%,-13.36%,-28.74%
CNVS,-0.14%,-2.07%,-27.18%
RVSN,-7.23%,-15.98%,-73.03%
LDTC,-22.02%,-40.72%,-83.93%
ULY,-12.08%,-30.72%,-56.74%
PMCB,-20.67%,-24.94%,-30.40%
OXBR,-24.82%,-26.94%,20.63%
MBRX,0.65%,-23.73%,-60.74%
RMCO,-5.36%,-5.44%,-48.28%
JEWL,7.42%,21.32%,4.35%
SSKN,13.45%,8.90%,-22.89%
KTRA,-3.23%,-17.55%,3.87%
BTOG,9.43%,-20.41%,-48.30%
OP,-0.33%,-8.32%,-26.64%
DPRO,-22.37%,-39.19%,-62.67%
HRYU,2.26%,-4.84%,-48.68%
GLYC,-4.04%,-26.09%,-88.74%
CREV,-12.44%,-11.07%,-63.96%
FCUV,-9.62%,-22.77%,-73.41%
ZCAR,17.45%,7.21%,-93.90%
CLWT,2.93%,0.23%,4.04%
MRM,94.65%,57.06%,15.45%
SONM,-20.11%,-52.14%,-60.43%
LKCO,5.85%,2.15%,7.18%
INTJ,-5.21%,-7.92%,-24.09%
YJ,-6.80%,-17.41%,-26.40%
BRTX,12.66%,-0.43%,8.06%
SLXN,-82.18%,-85.76%,-86.06%
GURE,-0.16%,-4.31%,-21.30%
RAYA,17.76%,17.71%,28.30%
VERB,0.88%,-22.89%,-51.55%
FBRX,-16.69%,-29.86%,-43.98%
RDHL,-29.08%,-23.63%,-52.49%
MEDS,0.48%,-29.96%,10.33%
AKTS,-2.22%,-19.52%,-79.90%
LIDR,4.09%,-16.26%,-36.13%
OTRK,-1.65%,-1.75%,-26.94%
KPRX,-0.97%,-9.47%,-23.79%
VIRX,-42.64%,-53.38%,-65.98%
JXJT,10.55%,28.51%,35.55%
ALPP,4.77%,-7.08%,-37.41%
CHEK,-0.72%,-4.72%,-16.56%
IVP,-57.44%,-56.63%,-85.23%
SPI,6.84%,-12.79%,-42.11%
HTOO,-8.41%,-21.05%,-43.05%
OMH,-8.10%,-13.66%,-51.88%
ATHE,13.93%,-5.10%,-22.23%
NXTT,14.41%,-51.22%,-60.89%
JAGX,0.65%,-54.23%,-84.79%
STEC,113.80%,89.01%,-62.06%
ARTW,31.66%,31.42%,8.59%
KZIA,18.58%,14.58%,19.23%
IKT,4.21%,0.91%,-17.10%
YQ,-0.82%,-3.98%,-18.02%
ARBB,20.83%,-6.59%,-59.31%
VVPR,12.07%,8.90%,4.32%
MGOL,-9.80%,-19.47%,-13.83%
JL,8.26%,-10.17%,-86.02%
KRKR,0.89%,-11.96%,-40.64%
DOMH,-3.97%,-12.71%,-27.52%
CTNT,22.51%,-20.19%,-78.66%
CARV,2.82%,15.41%,14.82%
NXL,-7.84%,-28.44%,3.90%
ELWS,13.55%,25.58%,7.56%
INHD,-15.15%,-25.94%,-49.43%
EMKR,0.68%,-7.09%,-65.10%
MTEM,3.70%,13.00%,-41.36%
CDIO,-8.23%,-19.88%,-68.16%
PRPO,10.35%,17.21%,0.84%
SOGP,-2.95%,-10.26%,-31.99%
ERNA,1.19%,-3.43%,-0.52%
MEGL,-3.36%,-10.38%,-33.92%
GVH,25.98%,2.63%,-35.31%
AIHS,27.17%,26.12%,62.32%
KDLY,-9.05%,-32.83%,-35.71%
MFI,6.32%,-9.43%,-49.09%
KITT,-18.61%,-48.69%,-86.69%
GWAV,-10.05%,-56.17%,-98.82%
LEDS,-3.02%,-2.07%,-5.51%
WISA,-14.66%,-30.38%,-80.81%
ASNS,24.86%,10.51%,48.31%
AVTX,9.14%,-4.46%,-0.15%
